{"0": [1149.8857498168945, 394.0854263305664, 0.9997039437294006], "1": [1160.445213317871, 374.712495803833, 0.9994215965270996], "2": [1168.5558700561523, 373.70615243911743, 0.9992573857307434], "3": [1175.7441329956055, 373.0693745613098, 0.9988753199577332], "4": [1142.1958923339844, 376.9387722015381, 0.9994810223579407], "5": [1137.908706665039, 377.5810217857361, 0.99949049949646], "6": [1134.788932800293, 377.97791361808777, 0.9994712471961975], "7": [1194.0504455566406, 380.1893198490143, 0.9991317391395569], "8": [1137.8443908691406, 384.6146750450134, 0.9997174143791199], "9": [1168.3100509643555, 410.5809473991394, 0.9999009370803833], "10": [1146.148681640625, 412.791645526886, 0.9999126195907593], "11": [1264.3921279907227, 477.70484805107117, 0.9997748732566833], "12": [1101.5175247192383, 479.85674142837524, 0.9999178647994995], "13": [1326.2055587768555, 605.1871418952942, 0.9887274503707886], "14": [1061.4523315429688, 598.4294557571411, 0.9977747797966003], "15": [1275.6430435180664, 573.0173707008362, 0.9661774039268494], "16": [1166.4708709716797, 589.2406582832336, 0.9928553700447083], "17": [1257.608642578125, 577.3939633369446, 0.9223946928977966], "18": [1200.2103424072266, 589.868745803833, 0.9748870730400085], "19": [1254.36767578125, 558.3931088447571, 0.914926290512085], "20": [1205.7377243041992, 571.0998272895813, 0.9688032865524292], "21": [1256.0466384887695, 555.7032179832458, 0.8759803175926208], "22": [1199.135398864746, 567.9085993766785, 0.9492446780204773], "23": [1225.949821472168, 719.567756652832, 0.9986624717712402], "24": [1135.4533767700195, 716.5590906143188, 0.9987056255340576], "25": [1235.3780364990234, 896.1934089660645, 0.7885677814483643], "26": [1106.707534790039, 894.6398305892944, 0.8676047921180725], "27": [1249.3529891967773, 1032.0772504806519, 0.7186780571937561], "28": [1096.4727401733398, 1028.3337020874023, 0.7441380023956299], "29": [1247.2383499145508, 1039.5264315605164, 0.4449654519557953], "30": [1104.949836730957, 1038.4951758384705, 0.5144878029823303], "31": [1277.4110412597656, 1112.9345226287842, 0.6163411140441895], "32": [1072.1492385864258, 1098.9179420471191, 0.6871427297592163]}