{"0": [0.5988988280296326, 0.36489391326904297, 0.9997039437294006], "1": [0.6043985486030579, 0.3469560146331787, 0.9994215965270996], "2": [0.6086228489875793, 0.34602421522140503, 0.9992573857307434], "3": [0.6123667359352112, 0.34543460607528687, 0.9988753199577332], "4": [0.5948936939239502, 0.3490173816680908, 0.9994810223579407], "5": [0.5926607847213745, 0.3496120572090149, 0.99949049949646], "6": [0.5910359025001526, 0.34997954964637756, 0.9994712471961975], "7": [0.621901273727417, 0.35202714800834656, 0.9991317391395569], "8": [0.5926272869110107, 0.3561246991157532, 0.9997174143791199], "9": [0.6084948182106018, 0.38016754388809204, 0.9999009370803833], "10": [0.5969524383544922, 0.3822144865989685, 0.9999126195907593], "11": [0.6585375666618347, 0.4423193037509918, 0.9997748732566833], "12": [0.5737070441246033, 0.44431179761886597, 0.9999178647994995], "13": [0.6907320618629456, 0.560358464717865, 0.9887274503707886], "14": [0.5528397560119629, 0.5541013479232788, 0.9977747797966003], "15": [0.6643974184989929, 0.5305716395378113, 0.9661774039268494], "16": [0.6075369119644165, 0.5455932021141052, 0.9928553700447083], "17": [0.6550045013427734, 0.5346240401268005, 0.9223946928977966], "18": [0.6251095533370972, 0.5461747646331787, 0.9748870730400085], "19": [0.6533164978027344, 0.517030656337738, 0.914926290512085], "20": [0.6279883980751038, 0.5287961363792419, 0.9688032865524292], "21": [0.6541909575462341, 0.5145400166511536, 0.8759803175926208], "22": [0.6245496869087219, 0.5258412957191467, 0.9492446780204773], "23": [0.6385155320167542, 0.6662664413452148, 0.9986624717712402], "24": [0.5913819670677185, 0.6634806394577026, 0.9987056255340576], "25": [0.6434260606765747, 0.8298087120056152, 0.7885677814483643], "26": [0.576410174369812, 0.828370213508606, 0.8676047921180725], "27": [0.6507046818733215, 0.9556270837783813, 0.7186780571937561], "28": [0.5710795521736145, 0.9521608352661133, 0.7441380023956299], "29": [0.6496033072471619, 0.9625244736671448, 0.4449654519557953], "30": [0.5754947066307068, 0.961569607257843, 0.5144878029823303], "31": [0.6653182506561279, 1.0304949283599854, 0.6163411140441895], "32": [0.5584110617637634, 1.0175166130065918, 0.6871427297592163]}