{"0": [1605.2435302734375, 526.2965297698975, 0.9996628761291504], "1": [1620.5427551269531, 500.7788944244385, 0.999396562576294], "2": [1627.6754760742188, 499.82046604156494, 0.9992455244064331], "3": [1635.233154296875, 499.26531314849854, 0.9989122748374939], "4": [1608.8008117675781, 502.86243438720703, 0.9992861151695251], "5": [1607.1615600585938, 503.4896421432495, 0.9991940259933472], "6": [1605.7649230957031, 503.9672899246216, 0.9991418123245239], "7": [1676.3999938964844, 510.78864097595215, 0.999179482460022], "8": [1637.2944641113281, 512.216305732727, 0.9994354844093323], "9": [1621.8803405761719, 548.3511543273926, 0.9998958706855774], "10": [1608.4556579589844, 550.3874444961548, 0.9998378753662109], "11": [1775.5352783203125, 654.936089515686, 0.999758780002594], "12": [1574.4412231445312, 627.5638246536255, 0.9998325705528259], "13": [1842.135009765625, 809.1452121734619, 0.9889787435531616], "14": [1422.2502136230469, 582.5998735427856, 0.9974810481071472], "15": [1815.0715637207031, 867.8354644775391, 0.9666149020195007], "16": [1274.8888397216797, 509.43461894989014, 0.9912204146385193], "17": [1798.8990783691406, 902.2897911071777, 0.924062967300415], "18": [1221.5825653076172, 485.0531244277954, 0.9702433943748474], "19": [1777.0492553710938, 882.3550128936768, 0.9175559282302856], "20": [1221.8936920166016, 484.075984954834, 0.9654825329780579], "21": [1775.9832763671875, 871.0191822052002, 0.8814627528190613], "22": [1240.7008361816406, 500.5135917663574, 0.9485769867897034], "23": [1652.9313659667969, 977.0048904418945, 0.9983221292495728], "24": [1534.2167663574219, 957.0470237731934, 0.9985600113868713], "25": [1654.0841674804688, 1199.8675346374512, 0.7883405685424805], "26": [1476.9815063476562, 1192.8570556640625, 0.875025749206543], "27": [1665.7196044921875, 1379.9238395690918, 0.7031084895133972], "28": [1462.2355651855469, 1370.9987354278564, 0.7493578791618347], "29": [1659.1218566894531, 1410.7687282562256, 0.4460974335670471], "30": [1473.2408142089844, 1401.2520790100098, 0.5233377814292908], "31": [1700.6532287597656, 1454.9463844299316, 0.5959400534629822], "32": [1416.8707275390625, 1465.5845832824707, 0.6839118599891663]}