{"0": [1203.9326477050781, 394.7223973274231, 0.9996628761291504], "1": [1215.4070663452148, 375.58417081832886, 0.999396562576294], "2": [1220.756607055664, 374.8653495311737, 0.9992455244064331], "3": [1226.4248657226562, 374.4489848613739, 0.9989122748374939], "4": [1206.6006088256836, 377.1468257904053, 0.9992861151695251], "5": [1205.3711700439453, 377.61723160743713, 0.9991940259933472], "6": [1204.3236923217773, 377.9754674434662, 0.9991418123245239], "7": [1257.2999954223633, 383.0914807319641, 0.999179482460022], "8": [1227.970848083496, 384.1622292995453, 0.9994354844093323], "9": [1216.410255432129, 411.26336574554443, 0.9998958706855774], "10": [1206.3417434692383, 412.7905833721161, 0.9998378753662109], "11": [1331.6514587402344, 491.2020671367645, 0.999758780002594], "12": [1180.8309173583984, 470.6728684902191, 0.9998325705528259], "13": [1381.6012573242188, 606.8589091300964, 0.9889787435531616], "14": [1066.6876602172852, 436.94990515708923, 0.9974810481071472], "15": [1361.3036727905273, 650.8765983581543, 0.9666149020195007], "16": [956.1666297912598, 382.0759642124176, 0.9912204146385193], "17": [1349.1743087768555, 676.7173433303833, 0.924062967300415], "18": [916.1869239807129, 363.78984332084656, 0.9702433943748474], "19": [1332.7869415283203, 661.7662596702576, 0.9175559282302856], "20": [916.4202690124512, 363.0569887161255, 0.9654825329780579], "21": [1331.9874572753906, 653.2643866539001, 0.8814627528190613], "22": [930.5256271362305, 375.38519382476807, 0.9485769867897034], "23": [1239.6985244750977, 732.7536678314209, 0.9983221292495728], "24": [1150.6625747680664, 717.785267829895, 0.9985600113868713], "25": [1240.5631256103516, 899.9006509780884, 0.7883405685424805], "26": [1107.7361297607422, 894.6427917480469, 0.875025749206543], "27": [1249.2897033691406, 1034.9428796768188, 0.7031084895133972], "28": [1096.6766738891602, 1028.2490515708923, 0.7493578791618347], "29": [1244.3413925170898, 1058.0765461921692, 0.4460974335670471], "30": [1104.9306106567383, 1050.9390592575073, 0.5233377814292908], "31": [1275.4899215698242, 1091.2097883224487, 0.5959400534629822], "32": [1062.6530456542969, 1099.188437461853, 0.6839118599891663]}