{"0": [0.6270482540130615, 0.36548370122909546, 0.9996628761291504], "1": [0.6330245137214661, 0.3477631211280823, 0.999396562576294], "2": [0.6358107328414917, 0.3470975458621979, 0.9992455244064331], "3": [0.6387629508972168, 0.34671202301979065, 0.9989122748374939], "4": [0.6284378170967102, 0.3492100238800049, 0.9992861151695251], "5": [0.6277974843978882, 0.34964558482170105, 0.9991940259933472], "6": [0.627251923084259, 0.3499772846698761, 0.9991418123245239], "7": [0.6548437476158142, 0.3547143340110779, 0.999179482460022], "8": [0.6395681500434875, 0.35570576786994934, 0.9994354844093323], "9": [0.6335470080375671, 0.38079941272735596, 0.9998958706855774], "10": [0.6283029913902283, 0.3822135031223297, 0.9998378753662109], "11": [0.6935684680938721, 0.4548167288303375, 0.999758780002594], "12": [0.6150161027908325, 0.4358082115650177, 0.9998325705528259], "13": [0.7195839881896973, 0.5619063973426819, 0.9889787435531616], "14": [0.5555664896965027, 0.40458324551582336, 0.9974810481071472], "15": [0.7090123295783997, 0.602663516998291, 0.9666149020195007], "16": [0.49800345301628113, 0.3537740409374237, 0.9912204146385193], "17": [0.7026949524879456, 0.6265901327133179, 0.924062967300415], "18": [0.47718068957328796, 0.33684244751930237, 0.9702433943748474], "19": [0.6941598653793335, 0.61274653673172, 0.9175559282302856], "20": [0.477302223443985, 0.33616387844085693, 0.9654825329780579], "21": [0.6937434673309326, 0.6048744320869446, 0.8814627528190613], "22": [0.48464876413345337, 0.34757888317108154, 0.9485769867897034], "23": [0.64567631483078, 0.6784756183624268, 0.9983221292495728], "24": [0.5993034243583679, 0.6646159887313843, 0.9985600113868713], "25": [0.6461266279220581, 0.83324134349823, 0.7883405685424805], "26": [0.5769459009170532, 0.8283729553222656, 0.875025749206543], "27": [0.6506717205047607, 0.9582804441452026, 0.7031084895133972], "28": [0.5711857676506042, 0.9520824551582336, 0.7493578791618347], "29": [0.6480944752693176, 0.97970050573349, 0.4460974335670471], "30": [0.5754846930503845, 0.973091721534729, 0.5233377814292908], "31": [0.6643176674842834, 1.010379433631897, 0.5959400534629822], "32": [0.5534651279449463, 1.017767071723938, 0.6839118599891663]}