{"0": [1533.1809997558594, 525.4472351074219, 0.9997039437294006], "1": [1547.2602844238281, 499.61666107177734, 0.9994215965270996], "2": [1558.0744934082031, 498.27486991882324, 0.9992573857307434], "3": [1567.6588439941406, 497.4258327484131, 0.9988753199577332], "4": [1522.9278564453125, 502.5850296020508, 0.9994810223579407], "5": [1517.2116088867188, 503.44136238098145, 0.99949049949646], "6": [1513.0519104003906, 503.9705514907837, 0.9994712471961975], "7": [1592.0672607421875, 506.91909313201904, 0.9991317391395569], "8": [1517.1258544921875, 512.8195667266846, 0.9997174143791199], "9": [1557.7467346191406, 547.4412631988525, 0.9999009370803833], "10": [1528.1982421875, 550.3888607025146, 0.9999126195907593], "11": [1685.8561706542969, 636.9397974014282, 0.9997748732566833], "12": [1468.6900329589844, 639.808988571167, 0.9999178647994995], "13": [1768.2740783691406, 806.9161891937256, 0.9887274503707886], "14": [1415.269775390625, 797.9059410095215, 0.9977747797966003], "15": [1700.8573913574219, 764.0231609344482, 0.9661774039268494], "16": [1555.2944946289062, 785.6542110443115, 0.9928553700447083], "17": [1676.8115234375, 769.8586177825928, 0.9223946928977966], "18": [1600.2804565429688, 786.4916610717773, 0.9748870730400085], "19": [1672.490234375, 744.5241451263428, 0.914926290512085], "20": [1607.6502990722656, 761.4664363861084, 0.9688032865524292], "21": [1674.7288513183594, 740.9376239776611, 0.8759803175926208], "22": [1598.8471984863281, 757.2114658355713, 0.9492446780204773], "23": [1634.5997619628906, 959.4236755371094, 0.9986624717712402], "24": [1513.9378356933594, 955.4121208190918, 0.9987056255340576], "25": [1647.1707153320312, 1194.924545288086, 0.7885677814483643], "26": [1475.6100463867188, 1192.8531074523926, 0.8676047921180725], "27": [1665.8039855957031, 1376.1030006408691, 0.7186780571937561], "28": [1461.9636535644531, 1371.1116027832031, 0.7441380023956299], "29": [1662.9844665527344, 1386.0352420806885, 0.4449654519557953], "30": [1473.2664489746094, 1384.660234451294, 0.5144878029823303], "31": [1703.2147216796875, 1483.912696838379, 0.6163411140441895], "32": [1429.5323181152344, 1465.2239227294922, 0.6871427297592163]}