{"0": [1025.727653503418, 503.644083738327, 0.9999911189079285], "1": [1045.5130004882812, 482.91452407836914, 0.9999810457229614], "2": [1056.100845336914, 486.81150555610657, 0.9999678730964661], "3": [1065.3887557983398, 489.7887897491455, 0.9999542236328125], "4": [1017.5597763061523, 467.5024974346161, 0.9999906420707703], "5": [1006.2730407714844, 460.94282269477844, 0.9999901056289673], "6": [994.9082565307617, 455.3206443786621, 0.9999880790710449], "7": [1070.727882385254, 491.6243863105774, 0.9999629259109497], "8": [967.7980041503906, 450.3515303134918, 0.9999927282333374], "9": [1027.5194549560547, 529.697163105011, 0.9999974966049194], "10": [997.1928405761719, 517.6689040660858, 0.9999988079071045], "11": [1084.7543334960938, 597.0763993263245, 0.9999579191207886], "12": [885.6019020080566, 491.35138034820557, 0.9998511672019958], "13": [1048.3511352539062, 768.9392852783203, 0.9953464865684509], "14": [774.9776458740234, 604.5287990570068, 0.9909366369247437], "15": [902.6115417480469, 783.0437350273132, 0.9822220802307129], "16": [715.7179069519043, 704.7817897796631, 0.9543939232826233], "17": [860.2022552490234, 791.2764000892639, 0.968360960483551], "18": [688.9981842041016, 740.0072193145752, 0.9377081394195557], "19": [844.8543548583984, 763.7127113342285, 0.9665511846542358], "20": [710.8316802978516, 738.7413239479065, 0.9412338733673096], "21": [877.9897499084473, 774.3399238586426, 0.9544963240623474], "22": [720.4190826416016, 731.3118410110474, 0.9270353317260742], "23": [949.8663711547852, 769.9189138412476, 0.999819815158844], "24": [845.6093215942383, 687.7367162704468, 0.9997439384460449], "25": [928.2404136657715, 863.0313920974731, 0.9015654921531677], "26": [678.4700202941895, 667.5519132614136, 0.9082604050636292], "27": [826.8136596679688, 788.609619140625, 0.24221956729888916], "28": [540.113697052002, 711.4032626152039, 0.7104027271270752], "29": [811.8256187438965, 760.7285714149475, 0.20663081109523773], "30": [536.2112617492676, 718.6527585983276, 0.5615400075912476], "31": [758.8746070861816, 782.7145314216614, 0.2816602289676666], "32": [522.6644897460938, 715.4973220825195, 0.612545907497406]}