{"0": [955.9709930419922, 515.6848311424255, 0.9999969005584717], "1": [976.6609954833984, 492.0030605792999, 0.9999939203262329], "2": [985.7676315307617, 493.70508313179016, 0.9999899864196777], "3": [992.7096176147461, 494.7399437427521, 0.9999861717224121], "4": [945.6000137329102, 482.75243282318115, 0.999996542930603], "5": [935.9388542175293, 478.335896730423, 0.9999963045120239], "6": [926.7312240600586, 473.38467836380005, 0.9999953508377075], "7": [998.5703659057617, 494.3481373786926, 0.9999880790710449], "8": [899.8317718505859, 468.6340141296387, 0.9999974966049194], "9": [962.6338577270508, 537.5719785690308, 0.999998927116394], "10": [934.0287208557129, 532.1038448810577, 0.9999995231628418], "11": [1028.4544372558594, 609.547061920166, 0.9999730587005615], "12": [816.731014251709, 524.6492886543274, 0.9999821186065674], "13": [995.3574371337891, 785.1879358291626, 0.9971880316734314], "14": [724.1032791137695, 638.1953072547913, 0.9957259893417358], "15": [832.8432083129883, 814.5726728439331, 0.9920234680175781], "16": [600.3635787963867, 720.5802154541016, 0.9800992608070374], "17": [804.2272567749023, 838.6040210723877, 0.9834473133087158], "18": [573.4295082092285, 743.0319786071777, 0.9666852951049805], "19": [778.249397277832, 813.549656867981, 0.9827144742012024], "20": [589.7050094604492, 754.173789024353, 0.9686335921287537], "21": [784.9012756347656, 803.5153841972351, 0.9749246835708618], "22": [601.3851356506348, 747.2421026229858, 0.9596342444419861], "23": [928.3544540405273, 780.2321147918701, 0.9999330043792725], "24": [819.0103912353516, 709.8706698417664, 0.9999300241470337], "25": [934.6212959289551, 889.8965048789978, 0.9291613698005676], "26": [635.1042366027832, 701.5795540809631, 0.9372043609619141], "27": [796.0961151123047, 819.8468828201294, 0.2672298848628998], "28": [532.0745086669922, 729.0255689620972, 0.733483612537384], "29": [776.1324119567871, 797.3821806907654, 0.22035489976406097], "30": [528.9078140258789, 745.0334000587463, 0.5618407130241394], "31": [743.2526779174805, 838.1537318229675, 0.305330365896225], "32": [433.68690490722656, 724.3264675140381, 0.6235449314117432]}