{"0": [946.6892623901367, 544.9605846405029, 0.9999949336051941], "1": [967.1580505371094, 523.6223781108856, 0.9999929666519165], "2": [975.7630920410156, 526.339852809906, 0.9999881386756897], "3": [983.9711380004883, 528.494256734848, 0.9999849200248718], "4": [940.7303237915039, 507.67747163772583, 0.9999949932098389], "5": [930.5249977111816, 499.5593583583832, 0.9999936819076538], "6": [921.5760612487793, 492.7014756202698, 0.9999918937683105], "7": [991.7041397094727, 530.2568864822388, 0.999986469745636], "8": [897.0688819885254, 483.5636615753174, 0.9999944567680359], "9": [947.7718162536621, 570.7616114616394, 0.999998152256012], "10": [921.7924690246582, 557.8062200546265, 0.999998927116394], "11": [985.5498504638672, 632.79376745224, 0.999961256980896], "12": [779.6455764770508, 525.5360591411591, 0.9998356699943542], "13": [964.2085647583008, 800.1429462432861, 0.9966301918029785], "14": [616.8121147155762, 599.3971753120422, 0.9916237592697144], "15": [832.6177024841309, 842.7320051193237, 0.9905938506126404], "16": [508.5837936401367, 648.9956831932068, 0.9556959867477417], "17": [801.2723350524902, 866.6801834106445, 0.9807982444763184], "18": [468.61727714538574, 648.8480758666992, 0.9396455883979797], "19": [777.8367805480957, 837.7938866615295, 0.9800459146499634], "20": [491.8659782409668, 654.5599579811096, 0.943263053894043], "21": [784.0152168273926, 829.271285533905, 0.9708837866783142], "22": [498.6429977416992, 683.5500884056091, 0.9298585057258606], "23": [856.6513252258301, 794.0474653244019, 0.9998232126235962], "24": [736.907958984375, 706.5204405784607, 0.9997209906578064], "25": [880.894832611084, 854.9037837982178, 0.900986909866333], "26": [659.1965103149414, 703.1175541877747, 0.9041268825531006], "27": [709.1211318969727, 814.5899891853333, 0.25708550214767456], "28": [565.9437561035156, 742.5597381591797, 0.6889501810073853], "29": [684.9925804138184, 796.5717244148254, 0.21490494906902313], "30": [556.765251159668, 761.0173487663269, 0.538748562335968], "31": [645.0997352600098, 826.4761447906494, 0.30013763904571533], "32": [529.775505065918, 739.4893383979797, 0.5901989936828613]}