{"0": [0.4979015588760376, 0.4774859547615051, 0.9999969005584717], "1": [0.50867760181427, 0.4555583894252777, 0.9999939203262329], "2": [0.5134206414222717, 0.45713433623313904, 0.9999899864196777], "3": [0.5170362591743469, 0.4580925405025482, 0.9999861717224121], "4": [0.4925000071525574, 0.44699299335479736, 0.999996542930603], "5": [0.4874681532382965, 0.442903608083725, 0.9999963045120239], "6": [0.4826725125312805, 0.4383191466331482, 0.9999953508377075], "7": [0.5200887322425842, 0.4577297568321228, 0.9999880790710449], "8": [0.4686623811721802, 0.43392038345336914, 0.9999974966049194], "9": [0.5013718008995056, 0.4977518320083618, 0.999998927116394], "10": [0.48647329211235046, 0.49268874526023865, 0.9999995231628418], "11": [0.5356533527374268, 0.5643954277038574, 0.9999730587005615], "12": [0.42538073658943176, 0.4857863783836365, 0.9999821186065674], "13": [0.5184153318405151, 0.7270258665084839, 0.9971880316734314], "14": [0.37713712453842163, 0.5909215807914734, 0.9957259893417358], "15": [0.4337725043296814, 0.7542339563369751, 0.9920234680175781], "16": [0.3126893639564514, 0.6672039031982422, 0.9800992608070374], "17": [0.41886836290359497, 0.7764852046966553, 0.9834473133087158], "18": [0.2986612021923065, 0.6879925727844238, 0.9666852951049805], "19": [0.40533822774887085, 0.7532867193222046, 0.9827144742012024], "20": [0.30713802576065063, 0.698309063911438, 0.9686335921287537], "21": [0.40880274772644043, 0.743995726108551, 0.9749246835708618], "22": [0.31322142481803894, 0.6918908357620239, 0.9596342444419861], "23": [0.48351794481277466, 0.7224371433258057, 0.9999330043792725], "24": [0.4265679121017456, 0.6572876572608948, 0.9999300241470337], "25": [0.48678192496299744, 0.8239782452583313, 0.9291613698005676], "26": [0.3307834565639496, 0.649610698223114, 0.9372043609619141], "27": [0.4146333932876587, 0.7591174840927124, 0.2672298848628998], "28": [0.2771221399307251, 0.6750236749649048, 0.733483612537384], "29": [0.4042356312274933, 0.7383168339729309, 0.22035489976406097], "30": [0.27547281980514526, 0.6898457407951355, 0.5618407130241394], "31": [0.38711076974868774, 0.7760682702064514, 0.305330365896225], "32": [0.22587859630584717, 0.6706726551055908, 0.6235449314117432]}