{"0": [1367.6368713378906, 671.525444984436, 0.9999911189079285], "1": [1394.017333984375, 643.8860321044922, 0.9999810457229614], "2": [1408.1344604492188, 649.0820074081421, 0.9999678730964661], "3": [1420.5183410644531, 653.0517196655273, 0.9999542236328125], "4": [1356.7463684082031, 623.3366632461548, 0.9999906420707703], "5": [1341.6973876953125, 614.5904302597046, 0.9999901056289673], "6": [1326.5443420410156, 607.0941925048828, 0.9999880790710449], "7": [1427.6371765136719, 655.4991817474365, 0.9999629259109497], "8": [1290.3973388671875, 600.4687070846558, 0.9999927282333374], "9": [1370.0259399414062, 706.2628841400146, 0.9999974966049194], "10": [1329.5904541015625, 690.2252054214478, 0.9999988079071045], "11": [1446.339111328125, 796.1018657684326, 0.9999579191207886], "12": [1180.8025360107422, 655.1351737976074, 0.9998511672019958], "13": [1397.801513671875, 1025.2523803710938, 0.9953464865684509], "14": [1033.3035278320312, 806.0383987426758, 0.9909366369247437], "15": [1203.4820556640625, 1044.058313369751, 0.9822220802307129], "16": [954.2905426025391, 939.7090530395508, 0.9543939232826233], "17": [1146.9363403320312, 1055.0352001190186, 0.968360960483551], "18": [918.6642456054688, 986.6762924194336, 0.9377081394195557], "19": [1126.4724731445312, 1018.2836151123047, 0.9665511846542358], "20": [947.7755737304688, 984.988431930542, 0.9412338733673096], "21": [1170.6529998779297, 1032.4532318115234, 0.9544963240623474], "22": [960.5587768554688, 975.0824546813965, 0.9270353317260742], "23": [1266.4884948730469, 1026.55855178833, 0.999819815158844], "24": [1127.4790954589844, 916.9822883605957, 0.9997439384460449], "25": [1237.6538848876953, 1150.7085227966309, 0.9015654921531677], "26": [904.6266937255859, 890.0692176818848, 0.9082604050636292], "27": [1102.418212890625, 1051.4794921875, 0.24221956729888916], "28": [720.1515960693359, 948.5376834869385, 0.7104027271270752], "29": [1082.4341583251953, 1014.3047618865967, 0.20663081109523773], "30": [714.9483489990234, 958.2036781311035, 0.5615400075912476], "31": [1011.8328094482422, 1043.6193752288818, 0.2816602289676666], "32": [696.885986328125, 953.9964294433594, 0.612545907497406]}