{"0": [1274.6279907226562, 687.5797748565674, 0.9999969005584717], "1": [1302.2146606445312, 656.0040807723999, 0.9999939203262329], "2": [1314.3568420410156, 658.2734441757202, 0.9999899864196777], "3": [1323.6128234863281, 659.6532583236694, 0.9999861717224121], "4": [1260.8000183105469, 643.6699104309082, 0.999996542930603], "5": [1247.918472290039, 637.781195640564, 0.9999963045120239], "6": [1235.6416320800781, 631.1795711517334, 0.9999953508377075], "7": [1331.4271545410156, 659.1308498382568, 0.9999880790710449], "8": [1199.7756958007812, 624.8453521728516, 0.9999974966049194], "9": [1283.5118103027344, 716.762638092041, 0.999998927116394], "10": [1245.3716278076172, 709.4717931747437, 0.9999995231628418], "11": [1371.2725830078125, 812.7294158935547, 0.9999730587005615], "12": [1088.9746856689453, 699.5323848724365, 0.9999821186065674], "13": [1327.1432495117188, 1046.9172477722168, 0.9971880316734314], "14": [965.4710388183594, 850.9270763397217, 0.9957259893417358], "15": [1110.4576110839844, 1086.0968971252441, 0.9920234680175781], "16": [800.4847717285156, 960.7736206054688, 0.9800992608070374], "17": [1072.3030090332031, 1118.1386947631836, 0.9834473133087158], "18": [764.5726776123047, 990.7093048095703, 0.9666852951049805], "19": [1037.6658630371094, 1084.7328758239746, 0.9827144742012024], "20": [786.2733459472656, 1005.5650520324707, 0.9686335921287537], "21": [1046.5350341796875, 1071.3538455963135, 0.9749246835708618], "22": [801.8468475341797, 996.3228034973145, 0.9596342444419861], "23": [1237.8059387207031, 1040.3094863891602, 0.9999330043792725], "24": [1092.0138549804688, 946.4942264556885, 0.9999300241470337], "25": [1246.1617279052734, 1186.528673171997, 0.9291613698005676], "26": [846.8056488037109, 935.4394054412842, 0.9372043609619141], "27": [1061.4614868164062, 1093.1291770935059, 0.2672298848628998], "28": [709.4326782226562, 972.0340919494629, 0.733483612537384], "29": [1034.8432159423828, 1063.1762409210205, 0.22035489976406097], "30": [705.2104187011719, 993.3778667449951, 0.5618407130241394], "31": [991.0035705566406, 1117.53830909729, 0.305330365896225], "32": [578.2492065429688, 965.7686233520508, 0.6235449314117432]}