{"0": [0.5342331528663635, 0.466337114572525, 0.9999911189079285], "1": [0.5445380210876465, 0.4471430778503418, 0.9999810457229614], "2": [0.5500525236129761, 0.450751394033432, 0.9999678730964661], "3": [0.554889976978302, 0.4535081386566162, 0.9999542236328125], "4": [0.5299790501594543, 0.4328726828098297, 0.9999906420707703], "5": [0.5241005420684814, 0.42679890990257263, 0.9999901056289673], "6": [0.5181813836097717, 0.42159318923950195, 0.9999880790710449], "7": [0.5576707720756531, 0.4552077651023865, 0.9999629259109497], "8": [0.5040614604949951, 0.4169921576976776, 0.9999927282333374], "9": [0.5351663827896118, 0.4904603362083435, 0.9999974966049194], "10": [0.5193712711334229, 0.47932305932044983, 0.9999988079071045], "11": [0.5649762153625488, 0.5528485178947449, 0.9999579191207886], "12": [0.46125099062919617, 0.45495498180389404, 0.9998511672019958], "13": [0.5460162162780762, 0.7119808197021484, 0.9953464865684509], "14": [0.4036341905593872, 0.5597488880157471, 0.9909366369247437], "15": [0.4701101779937744, 0.7250404953956604, 0.9822220802307129], "16": [0.3727697432041168, 0.6525757312774658, 0.9543939232826233], "17": [0.4480220079421997, 0.7326633334159851, 0.968360960483551], "18": [0.35885322093963623, 0.6851918697357178, 0.9377081394195557], "19": [0.4400283098220825, 0.7071413993835449, 0.9665511846542358], "20": [0.37022483348846436, 0.6840197443962097, 0.9412338733673096], "21": [0.4572863280773163, 0.7169814109802246, 0.9544963240623474], "22": [0.3752182722091675, 0.6771405935287476, 0.9270353317260742], "23": [0.49472206830978394, 0.7128878831863403, 0.999819815158844], "24": [0.44042152166366577, 0.6367932558059692, 0.9997439384460449], "25": [0.483458548784256, 0.7991031408309937, 0.9015654921531677], "26": [0.353369802236557, 0.6181036233901978, 0.9082604050636292], "27": [0.4306321144104004, 0.730194091796875, 0.24221956729888916], "28": [0.28130921721458435, 0.6587067246437073, 0.7104027271270752], "29": [0.4228258430957794, 0.7043783068656921, 0.20663081109523773], "30": [0.27927669882774353, 0.6654192209243774, 0.5615400075912476], "31": [0.3952471911907196, 0.724735677242279, 0.2816602289676666], "32": [0.27222108840942383, 0.6624975204467773, 0.612545907497406]}