{"0": [0.49306732416152954, 0.5045931339263916, 0.9999949336051941], "1": [0.5037281513214111, 0.48483553528785706, 0.9999929666519165], "2": [0.5082099437713623, 0.4873517155647278, 0.9999881386756897], "3": [0.5124849677085876, 0.48934653401374817, 0.9999849200248718], "4": [0.48996371030807495, 0.4700717329978943, 0.9999949932098389], "5": [0.4846484363079071, 0.4625549614429474, 0.9999936819076538], "6": [0.4799875319004059, 0.4562050700187683, 0.9999918937683105], "7": [0.5165125727653503, 0.4909785985946655, 0.999986469745636], "8": [0.4672233760356903, 0.44774413108825684, 0.9999944567680359], "9": [0.49363115429878235, 0.528482973575592, 0.999998152256012], "10": [0.48010024428367615, 0.5164872407913208, 0.999998927116394], "11": [0.5133072137832642, 0.5859201550483704, 0.999961256980896], "12": [0.4060654044151306, 0.48660746216773987, 0.9998356699943542], "13": [0.502191960811615, 0.7408730983734131, 0.9966301918029785], "14": [0.3212563097476959, 0.5549973845481873, 0.9916237592697144], "15": [0.4336550533771515, 0.780307412147522, 0.9905938506126404], "16": [0.26488739252090454, 0.6009219288825989, 0.9556959867477417], "17": [0.417329341173172, 0.8024816513061523, 0.9807982444763184], "18": [0.24407149851322174, 0.6007852554321289, 0.9396455883979797], "19": [0.4051233232021332, 0.775735080242157, 0.9800459146499634], "20": [0.25618019700050354, 0.6060740351676941, 0.943263053894043], "21": [0.40834125876426697, 0.7678437829017639, 0.9708837866783142], "22": [0.259709894657135, 0.6329167485237122, 0.9298585057258606], "23": [0.4461725652217865, 0.7352291345596313, 0.9998232126235962], "24": [0.3838062286376953, 0.6541855931282043, 0.9997209906578064], "25": [0.4587993919849396, 0.7915775775909424, 0.900986909866333], "26": [0.343331515789032, 0.6510347723960876, 0.9041268825531006], "27": [0.3693339228630066, 0.7542499899864197, 0.25708550214767456], "28": [0.29476237297058105, 0.6875553131103516, 0.6889501810073853], "29": [0.3567669689655304, 0.7375664114952087, 0.21490494906902313], "30": [0.2899819016456604, 0.7046456933021545, 0.538748562335968], "31": [0.33598944544792175, 0.7652556896209717, 0.30013763904571533], "32": [0.2759247422218323, 0.6847123503684998, 0.5901989936828613]}