{"0": [1262.2523498535156, 726.6141128540039, 0.9999949336051941], "1": [1289.5440673828125, 698.1631708145142, 0.9999929666519165], "2": [1301.0174560546875, 701.786470413208, 0.9999881386756897], "3": [1311.9615173339844, 704.6590089797974, 0.9999849200248718], "4": [1254.3070983886719, 676.9032955169678, 0.9999949932098389], "5": [1240.6999969482422, 666.0791444778442, 0.9999936819076538], "6": [1228.768081665039, 656.9353008270264, 0.9999918937683105], "7": [1322.2721862792969, 707.0091819763184, 0.999986469745636], "8": [1196.0918426513672, 644.7515487670898, 0.9999944567680359], "9": [1263.6957550048828, 761.0154819488525, 0.999998152256012], "10": [1229.056625366211, 743.741626739502, 0.999998927116394], "11": [1314.0664672851562, 843.7250232696533, 0.999961256980896], "12": [1039.5274353027344, 700.7147455215454, 0.9998356699943542], "13": [1285.6114196777344, 1066.8572616577148, 0.9966301918029785], "14": [822.4161529541016, 799.1962337493896, 0.9916237592697144], "15": [1110.1569366455078, 1123.6426734924316, 0.9905938506126404], "16": [678.1117248535156, 865.3275775909424, 0.9556959867477417], "17": [1068.3631134033203, 1155.5735778808594, 0.9807982444763184], "18": [624.8230361938477, 865.1307678222656, 0.9396455883979797], "19": [1037.115707397461, 1117.058515548706, 0.9800459146499634], "20": [655.8213043212891, 872.7466106414795, 0.943263053894043], "21": [1045.3536224365234, 1105.69504737854, 0.9708837866783142], "22": [664.8573303222656, 911.4001178741455, 0.9298585057258606], "23": [1142.2017669677734, 1058.7299537658691, 0.9998232126235962], "24": [982.5439453125, 942.0272541046143, 0.9997209906578064], "25": [1174.5264434814453, 1139.871711730957, 0.900986909866333], "26": [878.9286804199219, 937.4900722503662, 0.9041268825531006], "27": [945.4948425292969, 1086.1199855804443, 0.25708550214767456], "28": [754.5916748046875, 990.0796508789062, 0.6889501810073853], "29": [913.3234405517578, 1062.0956325531006, 0.21490494906902313], "30": [742.3536682128906, 1014.6897983551025, 0.538748562335968], "31": [860.1329803466797, 1101.9681930541992, 0.30013763904571533], "32": [706.3673400878906, 985.9857845306396, 0.5901989936828613]}