{"0": [1226.9705963134766, 415.5950689315796, 0.999994158744812], "1": [1236.1624145507812, 379.4279909133911, 0.999990701675415], "2": [1241.9827270507812, 378.9622735977173, 0.9999887943267822], "3": [1247.3827362060547, 378.01899433135986, 0.9999867677688599], "4": [1210.8915710449219, 373.9365863800049, 0.9999821186065674], "5": [1197.9973602294922, 369.31477546691895, 0.9999743700027466], "6": [1184.6320343017578, 363.5657072067261, 0.999966025352478], "7": [1233.0290222167969, 376.3016939163208, 0.9999788999557495], "8": [1131.645278930664, 357.30671882629395, 0.9999833106994629], "9": [1225.6832122802734, 447.16187953948975, 0.9999980926513672], "10": [1198.121109008789, 444.6098327636719, 0.9999973773956299], "11": [1257.4701690673828, 511.5955352783203, 0.9999988079071045], "12": [957.6628875732422, 528.6679458618164, 0.9999313354492188], "13": [1287.7934265136719, 688.9380025863647, 0.8987166881561279], "14": [829.7401428222656, 709.6409225463867, 0.9957054257392883], "15": [1321.2113952636719, 795.2754020690918, 0.9520270228385925], "16": [709.3708038330078, 841.4498233795166, 0.9840062260627747], "17": [1334.4680786132812, 807.9831504821777, 0.9472838044166565], "18": [670.0173950195312, 867.5090503692627, 0.9741190671920776], "19": [1309.7611999511719, 786.5941429138184, 0.9512783288955688], "20": [675.5117797851562, 872.1795272827148, 0.977438747882843], "21": [1306.9873046875, 761.9625377655029, 0.9388411641120911], "22": [695.5462646484375, 865.6962203979492, 0.973261296749115], "23": [1148.7406158447266, 824.6256351470947, 0.9999929666519165], "24": [1000.3417205810547, 853.2811546325684, 0.9999099969863892], "25": [1264.1275024414062, 946.1366558074951, 0.676795244216919], "26": [1033.8036346435547, 1086.0033416748047, 0.5464149117469788], "27": [1244.5470428466797, 1155.477705001831, 0.39573684334754944], "28": [1061.644058227539, 1138.8932418823242, 0.08940738439559937], "29": [1216.3954162597656, 1179.3927097320557, 0.3673612177371979], "30": [1059.7943878173828, 1126.1279010772705, 0.10576196014881134], "31": [1304.0895080566406, 1277.9851341247559, 0.3992336094379425], "32": [1092.3973846435547, 1256.8585109710693, 0.11631745100021362]}