{"0": [920.2279472351074, 311.6963016986847, 0.999994158744812], "1": [927.1218109130859, 284.57099318504333, 0.999990701675415], "2": [931.4870452880859, 284.22170519828796, 0.9999887943267822], "3": [935.537052154541, 283.5142457485199, 0.9999867677688599], "4": [908.1686782836914, 280.45243978500366, 0.9999821186065674], "5": [898.4980201721191, 276.9860816001892, 0.9999743700027466], "6": [888.4740257263184, 272.67428040504456, 0.999966025352478], "7": [924.7717666625977, 282.2262704372406, 0.9999788999557495], "8": [848.733959197998, 267.98003911972046, 0.9999833106994629], "9": [919.2624092102051, 335.3714096546173, 0.9999980926513672], "10": [898.5908317565918, 333.4573745727539, 0.9999973773956299], "11": [943.1026268005371, 383.69665145874023, 0.9999988079071045], "12": [718.2471656799316, 396.5009593963623, 0.9999313354492188], "13": [965.8450698852539, 516.7035019397736, 0.8987166881561279], "14": [622.3051071166992, 532.23069190979, 0.9957054257392883], "15": [990.9085464477539, 596.4565515518188, 0.9520270228385925], "16": [532.0281028747559, 631.0873675346375, 0.9840062260627747], "17": [1000.8510589599609, 605.9873628616333, 0.9472838044166565], "18": [502.51304626464844, 650.631787776947, 0.9741190671920776], "19": [982.3208999633789, 589.9456071853638, 0.9512783288955688], "20": [506.6338348388672, 654.1346454620361, 0.977438747882843], "21": [980.240478515625, 571.4719033241272, 0.9388411641120911], "22": [521.6596984863281, 649.2721652984619, 0.973261296749115], "23": [861.5554618835449, 618.469226360321, 0.9999929666519165], "24": [750.256290435791, 639.9608659744263, 0.9999099969863892], "25": [948.0956268310547, 709.6024918556213, 0.676795244216919], "26": [775.352725982666, 814.5025062561035, 0.5464149117469788], "27": [933.4102821350098, 866.6082787513733, 0.39573684334754944], "28": [796.2330436706543, 854.1699314117432, 0.08940738439559937], "29": [912.2965621948242, 884.5445322990417, 0.3673612177371979], "30": [794.8457908630371, 844.5959258079529, 0.10576196014881134], "31": [978.0671310424805, 958.4888505935669, 0.3992336094379425], "32": [819.298038482666, 942.643883228302, 0.11631745100021362]}