{"0": [0.4792853891849518, 0.2886076867580414, 0.999994158744812], "1": [0.4828759431838989, 0.2634916603565216, 0.999990701675415], "2": [0.4851495027542114, 0.26316824555397034, 0.9999887943267822], "3": [0.4872588813304901, 0.2625131905078888, 0.9999867677688599], "4": [0.4730045199394226, 0.2596781849861145, 0.9999821186065674], "5": [0.4679677188396454, 0.25646859407424927, 0.9999743700027466], "6": [0.46274688839912415, 0.25247618556022644, 0.999966025352478], "7": [0.4816519618034363, 0.2613206207752228, 0.9999788999557495], "8": [0.44204893708229065, 0.24812966585159302, 0.9999833106994629], "9": [0.4787825047969818, 0.31052908301353455, 0.9999980926513672], "10": [0.4680160582065582, 0.30875682830810547, 0.9999973773956299], "11": [0.4911992847919464, 0.35527467727661133, 0.9999988079071045], "12": [0.37408706545829773, 0.3671305179595947, 0.9999313354492188], "13": [0.5030443072319031, 0.4784291684627533, 0.8987166881561279], "14": [0.3241172432899475, 0.49280619621276855, 0.9957054257392883], "15": [0.5160982012748718, 0.5522745847702026, 0.9520270228385925], "16": [0.2770979702472687, 0.5843401551246643, 0.9840062260627747], "17": [0.521276593208313, 0.5610994100570679, 0.9472838044166565], "18": [0.2617255449295044, 0.6024368405342102, 0.9741190671920776], "19": [0.5116254687309265, 0.5462459325790405, 0.9512783288955688], "20": [0.26387178897857666, 0.6056802272796631, 0.977438747882843], "21": [0.5105419158935547, 0.5291406512260437, 0.9388411641120911], "22": [0.2716977596282959, 0.6011779308319092, 0.973261296749115], "23": [0.4487268030643463, 0.5726566910743713, 0.9999929666519165], "24": [0.3907584846019745, 0.592556357383728, 0.9999099969863892], "25": [0.4937998056411743, 0.6570393443107605, 0.676795244216919], "26": [0.40382954478263855, 0.7541689872741699, 0.5464149117469788], "27": [0.48615118861198425, 0.8024150729179382, 0.39573684334754944], "28": [0.41470471024513245, 0.7908980846405029, 0.08940738439559937], "29": [0.47515445947647095, 0.8190227150917053, 0.3673612177371979], "30": [0.41398218274116516, 0.7820332646369934, 0.10576196014881134], "31": [0.5094099640846252, 0.8874896764755249, 0.3992336094379425], "32": [0.42671772837638855, 0.8728184103965759, 0.11631745100021362]}