{"0": [1290.1611328125, 412.4907445907593, 0.9999714493751526], "1": [1292.8390502929688, 377.2894334793091, 0.9999706149101257], "2": [1295.7440185546875, 375.9895706176758, 0.9999492168426514], "3": [1298.4573364257812, 374.03700828552246, 0.9999665021896362], "4": [1275.1542663574219, 373.56433868408203, 0.9999637007713318], "5": [1264.608383178711, 369.3029308319092, 0.9999390244483948], "6": [1252.6873016357422, 363.92585277557373, 0.9999430775642395], "7": [1264.929428100586, 371.62954330444336, 0.9999514222145081], "8": [1195.4606628417969, 365.31879901885986, 0.9999530911445618], "9": [1283.5499572753906, 444.0839910507202, 0.9999913573265076], "10": [1259.7454071044922, 443.14483165740967, 0.99998939037323], "11": [1239.473648071289, 512.221884727478, 0.9999758005142212], "12": [1009.75830078125, 553.0500411987305, 0.9998794198036194], "13": [1288.4971618652344, 716.3767433166504, 0.8471360802650452], "14": [1180.8523559570312, 894.9255180358887, 0.995724618434906], "15": [1438.040771484375, 832.3016452789307, 0.8995273113250732], "16": [1498.9950561523438, 903.0621814727783, 0.9852071404457092], "17": [1498.3937072753906, 851.7339706420898, 0.897718071937561], "18": [1548.2449340820312, 942.4078273773193, 0.9759508967399597], "19": [1516.2875366210938, 840.3690433502197, 0.903799295425415], "20": [1565.7638549804688, 873.9273834228516, 0.9789466261863708], "21": [1462.5439453125, 831.5493392944336, 0.895257830619812], "22": [1535.6710815429688, 874.9920272827148, 0.974575936794281], "23": [1148.9623260498047, 836.4620304107666, 0.9999406337738037], "24": [1013.3391571044922, 907.1093559265137, 0.9998421669006348], "25": [1427.296142578125, 910.8022212982178, 0.6551432609558105], "26": [1237.131118774414, 1068.3732891082764, 0.5708388686180115], "27": [1423.7042236328125, 1184.0088558197021, 0.3828224837779999], "28": [1283.4321594238281, 1230.4678916931152, 0.11749482154846191], "29": [1386.9697570800781, 1220.3545475006104, 0.36532828211784363], "30": [1252.525405883789, 1224.7424697875977, 0.13022339344024658], "31": [1533.3595275878906, 1282.3047351837158, 0.39620935916900635], "32": [1398.2389831542969, 1343.4308624267578, 0.1405617743730545]}