{"0": [967.620849609375, 309.36805844306946, 0.9999714493751526], "1": [969.6292877197266, 282.9670751094818, 0.9999706149101257], "2": [971.8080139160156, 281.99217796325684, 0.9999492168426514], "3": [973.8430023193359, 280.52775621414185, 0.9999665021896362], "4": [956.3656997680664, 280.1732540130615, 0.9999637007713318], "5": [948.4562873840332, 276.9771981239319, 0.9999390244483948], "6": [939.5154762268066, 272.9443895816803, 0.9999430775642395], "7": [948.6970710754395, 278.7221574783325, 0.9999514222145081], "8": [896.5954971313477, 273.9890992641449, 0.9999530911445618], "9": [962.662467956543, 333.06299328804016, 0.9999913573265076], "10": [944.8090553283691, 332.35862374305725, 0.99998939037323], "11": [929.6052360534668, 384.1664135456085, 0.9999758005142212], "12": [757.3187255859375, 414.78753089904785, 0.9998794198036194], "13": [966.3728713989258, 537.2825574874878, 0.8471360802650452], "14": [885.6392669677734, 671.1941385269165, 0.995724618434906], "15": [1078.5305786132812, 624.226233959198, 0.8995273113250732], "16": [1124.2462921142578, 677.2966361045837, 0.9852071404457092], "17": [1123.795280456543, 638.8004779815674, 0.897718071937561], "18": [1161.1837005615234, 706.8058705329895, 0.9759508967399597], "19": [1137.2156524658203, 630.2767825126648, 0.903799295425415], "20": [1174.3228912353516, 655.4455375671387, 0.9789466261863708], "21": [1096.907958984375, 623.6620044708252, 0.895257830619812], "22": [1151.7533111572266, 656.2440204620361, 0.974575936794281], "23": [861.7217445373535, 627.346522808075, 0.9999406337738037], "24": [760.0043678283691, 680.3320169448853, 0.9998421669006348], "25": [1070.4721069335938, 683.1016659736633, 0.6551432609558105], "26": [927.8483390808105, 801.2799668312073, 0.5708388686180115], "27": [1067.7781677246094, 888.0066418647766, 0.3828224837779999], "28": [962.5741195678711, 922.8509187698364, 0.11749482154846191], "29": [1040.2273178100586, 915.2659106254578, 0.36532828211784363], "30": [939.3940544128418, 918.5568523406982, 0.13022339344024658], "31": [1150.019645690918, 961.7285513877869, 0.39620935916900635], "32": [1048.6792373657227, 1007.5731468200684, 0.1405617743730545]}