{"0": [0.5039691925048828, 0.28645190596580505, 0.9999714493751526], "1": [0.5050152540206909, 0.262006551027298, 0.9999706149101257], "2": [0.5061500072479248, 0.26110386848449707, 0.9999492168426514], "3": [0.5072098970413208, 0.2597479224205017, 0.9999665021896362], "4": [0.4981071352958679, 0.25941967964172363, 0.9999637007713318], "5": [0.49398764967918396, 0.25646036863327026, 0.9999390244483948], "6": [0.4893309772014618, 0.252726286649704, 0.9999430775642395], "7": [0.4941130578517914, 0.2580760717391968, 0.9999514222145081], "8": [0.4669768214225769, 0.2536936104297638, 0.9999530911445618], "9": [0.5013867020606995, 0.30839166045188904, 0.9999913573265076], "10": [0.49208804965019226, 0.3077394664287567, 0.99998939037323], "11": [0.4841693937778473, 0.35570964217185974, 0.9999758005142212], "12": [0.3944368362426758, 0.3840625286102295, 0.9998794198036194], "13": [0.5033192038536072, 0.49748384952545166, 0.8471360802650452], "14": [0.46127045154571533, 0.6214760541915894, 0.995724618434906], "15": [0.561734676361084, 0.5779872536659241, 0.8995273113250732], "16": [0.5855449438095093, 0.6271265149116516, 0.9852071404457092], "17": [0.5853100419044495, 0.5914819240570068, 0.897718071937561], "18": [0.6047831773757935, 0.6544498801231384, 0.9759508967399597], "19": [0.5922998189926147, 0.5835896134376526, 0.903799295425415], "20": [0.6116265058517456, 0.6068940162658691, 0.9789466261863708], "21": [0.5713062286376953, 0.5774648189544678, 0.895257830619812], "22": [0.5998715162277222, 0.6076333522796631, 0.974575936794281], "23": [0.44881340861320496, 0.5808764100074768, 0.9999406337738037], "24": [0.39583560824394226, 0.6299370527267456, 0.9998421669006348], "25": [0.5575375556945801, 0.6325015425682068, 0.6551432609558105], "26": [0.4832543432712555, 0.7419258952140808, 0.5708388686180115], "27": [0.5561344623565674, 0.8222283720970154, 0.3828224837779999], "28": [0.5013406872749329, 0.8544915914535522, 0.11749482154846191], "29": [0.5417850613594055, 0.8474684357643127, 0.36532828211784363], "30": [0.4892677366733551, 0.850515604019165, 0.13022339344024658], "31": [0.5989685654640198, 0.890489399433136, 0.39620935916900635], "32": [0.5461871027946472, 0.9329380989074707, 0.1405617743730545]}