{"0": [888.8223266601562, 273.2360315322876, 0.9999740719795227], "1": [891.6477584838867, 246.3236689567566, 0.9999732375144958], "2": [894.6224784851074, 246.35500252246857, 0.9999538660049438], "3": [897.484073638916, 246.14543616771698, 0.9999693036079407], "4": [876.04248046875, 243.06013405323029, 0.9999669790267944], "5": [866.8562507629395, 241.11244797706604, 0.9999446272850037], "6": [856.651439666748, 238.9845496416092, 0.999948263168335], "7": [880.063591003418, 248.9904659986496, 0.9999557733535767], "8": [819.8626327514648, 247.66293346881866, 0.9999573826789856], "9": [884.2819404602051, 297.6932716369629, 0.9999921917915344], "10": [867.4377250671387, 296.1827266216278, 0.9999904036521912], "11": [909.4757652282715, 359.84854102134705, 0.9999781250953674], "12": [697.3543167114258, 367.5215792655945, 0.9998908042907715], "13": [972.2776794433594, 497.1584701538086, 0.8613981604576111], "14": [619.9944877624512, 593.6207914352417, 0.9959667325019836], "15": [919.1900825500488, 569.306845664978, 0.9082742929458618], "16": [775.6557083129883, 597.0604348182678, 0.9858472943305969], "17": [901.9759941101074, 614.4968318939209, 0.905154824256897], "18": [794.161491394043, 637.1315431594849, 0.9764119386672974], "19": [882.2635459899902, 593.8950848579407, 0.9106625318527222], "20": [809.6209144592285, 597.2552919387817, 0.9790956377983093], "21": [879.8589706420898, 586.2871599197388, 0.9022377729415894], "22": [805.1325416564941, 588.123528957367, 0.9744337201118469], "23": [861.3397407531738, 626.6942310333252, 0.9999459981918335], "24": [749.882984161377, 670.6808280944824, 0.9998555779457092], "25": [1030.2202606201172, 556.6742205619812, 0.688831627368927], "26": [844.804630279541, 802.7006149291992, 0.6114771962165833], "27": [1016.5347290039062, 837.2687315940857, 0.4394378364086151], "28": [891.2529945373535, 862.6306056976318, 0.1483217179775238], "29": [995.9093856811523, 884.8112297058105, 0.42089778184890747], "30": [900.1959228515625, 844.4385981559753, 0.1647357940673828], "31": [1105.4466247558594, 927.1626877784729, 0.4513976573944092], "32": [892.741870880127, 947.9830455780029, 0.1700175255537033]}