{"0": [1185.096435546875, 364.3147087097168, 0.9999740719795227], "1": [1188.8636779785156, 328.4315586090088, 0.9999732375144958], "2": [1192.8299713134766, 328.47333669662476, 0.9999538660049438], "3": [1196.6454315185547, 328.1939148902893, 0.9999693036079407], "4": [1168.056640625, 324.0801787376404, 0.9999669790267944], "5": [1155.808334350586, 321.4832639694214, 0.9999446272850037], "6": [1142.201919555664, 318.64606618881226, 0.999948263168335], "7": [1173.4181213378906, 331.98728799819946, 0.9999557733535767], "8": [1093.1501770019531, 330.21724462509155, 0.9999573826789856], "9": [1179.0425872802734, 396.9243621826172, 0.9999921917915344], "10": [1156.5836334228516, 394.9103021621704, 0.9999904036521912], "11": [1212.6343536376953, 479.7980546951294, 0.9999781250953674], "12": [929.8057556152344, 490.028772354126, 0.9998908042907715], "13": [1296.3702392578125, 662.8779602050781, 0.8613981604576111], "14": [826.6593170166016, 791.4943885803223, 0.9959667325019836], "15": [1225.5867767333984, 759.0757942199707, 0.9082742929458618], "16": [1034.2076110839844, 796.0805797576904, 0.9858472943305969], "17": [1202.6346588134766, 819.3291091918945, 0.905154824256897], "18": [1058.8819885253906, 849.5087242126465, 0.9764119386672974], "19": [1176.3513946533203, 791.8601131439209, 0.9106625318527222], "20": [1079.4945526123047, 796.340389251709, 0.9790956377983093], "21": [1173.1452941894531, 781.7162132263184, 0.9022377729415894], "22": [1073.5100555419922, 784.1647052764893, 0.9744337201118469], "23": [1148.4529876708984, 835.5923080444336, 0.9999459981918335], "24": [999.8439788818359, 894.2411041259766, 0.9998555779457092], "25": [1373.6270141601562, 742.2322940826416, 0.688831627368927], "26": [1126.4061737060547, 1070.2674865722656, 0.6114771962165833], "27": [1355.379638671875, 1116.3583087921143, 0.4394378364086151], "28": [1188.3373260498047, 1150.1741409301758, 0.1483217179775238], "29": [1327.8791809082031, 1179.748306274414, 0.42089778184890747], "30": [1200.26123046875, 1125.9181308746338, 0.1647357940673828], "31": [1473.9288330078125, 1236.2169170379639, 0.4513976573944092], "32": [1190.322494506836, 1263.977394104004, 0.1700175255537033]}