{"0": [0.46292829513549805, 0.2529963254928589, 0.9999740719795227], "1": [0.46439987421035767, 0.2280774712562561, 0.9999732375144958], "2": [0.4659492075443268, 0.22810648381710052, 0.9999538660049438], "3": [0.4674396216869354, 0.22791244089603424, 0.9999693036079407], "4": [0.4562721252441406, 0.22505567967891693, 0.9999669790267944], "5": [0.45148763060569763, 0.22325226664543152, 0.9999446272850037], "6": [0.4461726248264313, 0.2212819904088974, 0.999948263168335], "7": [0.4583664536476135, 0.2305467277765274, 0.9999557733535767], "8": [0.42701178789138794, 0.2293175309896469, 0.9999573826789856], "9": [0.4605635106563568, 0.27564191818237305, 0.9999921917915344], "10": [0.4517904818058014, 0.2742432653903961, 0.9999904036521912], "11": [0.47368529438972473, 0.3331930935382843, 0.9999781250953674], "12": [0.3632053732872009, 0.34029775857925415, 0.9998908042907715], "13": [0.506394624710083, 0.46033191680908203, 0.8613981604576111], "14": [0.32291379570961, 0.5496488809585571, 0.9959667325019836], "15": [0.47874483466148376, 0.527135968208313, 0.9082742929458618], "16": [0.4039873480796814, 0.5528337359428406, 0.9858472943305969], "17": [0.4697791635990143, 0.5689785480499268, 0.905154824256897], "18": [0.4136257767677307, 0.5899366140365601, 0.9764119386672974], "19": [0.45951226353645325, 0.5499028563499451, 0.9106625318527222], "20": [0.4216775596141815, 0.5530141592025757, 0.9790956377983093], "21": [0.4582598805427551, 0.5428584814071655, 0.9022377729415894], "22": [0.4193398654460907, 0.5445588231086731, 0.9744337201118469], "23": [0.4486144483089447, 0.5802724361419678, 0.9999459981918335], "24": [0.39056405425071716, 0.6210007667541504, 0.9998555779457092], "25": [0.536573052406311, 0.5154390931129456, 0.688831627368927], "26": [0.4400024116039276, 0.7432413101196289, 0.6114771962165833], "27": [0.5294451713562012, 0.7752488255500793, 0.4394378364086151], "28": [0.46419426798820496, 0.7987320423126221, 0.1483217179775238], "29": [0.5187028050422668, 0.8192696571350098, 0.42089778184890747], "30": [0.46885204315185547, 0.7818875908851624, 0.1647357940673828], "31": [0.5757534503936768, 0.8584839701652527, 0.4513976573944092], "32": [0.4649697244167328, 0.8777620792388916, 0.1700175255537033]}