{"0": [1152.56591796875, 516.3265228271484, 0.9999876022338867], "1": [1159.3890380859375, 500.17460346221924, 0.999972939491272], "2": [1164.0461730957031, 500.2901315689087, 0.999972939491272], "3": [1168.4317779541016, 500.54633617401123, 0.9999737739562988], "4": [1142.7713775634766, 501.4889717102051, 0.999963641166687], "5": [1136.7759704589844, 502.21896171569824, 0.9999555349349976], "6": [1131.2911224365234, 502.9102420806885, 0.9999468326568604], "7": [1175.8929443359375, 509.23742294311523, 0.9999662637710571], "8": [1122.8132629394531, 512.0115566253662, 0.999883770942688], "9": [1162.221450805664, 534.1809368133545, 0.9999834299087524], "10": [1141.6846466064453, 533.6746644973755, 0.9999673366546631], "11": [1225.4169464111328, 585.4025030136108, 0.999993085861206], "12": [1084.7248840332031, 615.3151416778564, 0.9998410940170288], "13": [1279.249496459961, 667.3860025405884, 0.9969078898429871], "14": [1048.8928985595703, 710.9334468841553, 0.9780964255332947], "15": [1215.0941467285156, 729.6691703796387, 0.9958434700965881], "16": [980.5844116210938, 763.7244701385498, 0.987438976764679], "17": [1200.7600402832031, 759.6913719177246, 0.989054799079895], "18": [952.0835113525391, 779.1173458099365, 0.9775767922401428], "19": [1185.1720428466797, 750.0589370727539, 0.9891675710678101], "20": [951.4797210693359, 774.3819808959961, 0.9804072976112366], "21": [1185.2899932861328, 741.1461925506592, 0.9830595254898071], "22": [961.7153167724609, 771.2986850738525, 0.9770765900611877], "23": [1219.8303985595703, 823.1397342681885, 0.9998041987419128], "24": [1131.2355041503906, 831.6480445861816, 0.999707043170929], "25": [1263.3235931396484, 989.3756675720215, 0.997531533241272], "26": [1109.6961975097656, 985.8445930480957, 0.9943558573722839], "27": [1296.9010925292969, 1155.2943706512451, 0.9970945119857788], "28": [1106.3703918457031, 1140.1970958709717, 0.9951935410499573], "29": [1291.1801147460938, 1178.8778114318848, 0.9381057024002075], "30": [1120.2092742919922, 1159.6243572235107, 0.9367767572402954], "31": [1319.5318603515625, 1211.5200805664062, 0.9929653406143188], "32": [1089.315185546875, 1190.9085273742676, 0.9890178442001343]}