{"0": [0.45022106170654297, 0.35856008529663086, 0.9999876022338867], "1": [0.45288634300231934, 0.34734347462654114, 0.999972939491272], "2": [0.45470553636550903, 0.3474237024784088, 0.999972939491272], "3": [0.4564186632633209, 0.34760162234306335, 0.9999737739562988], "4": [0.44639506936073303, 0.3482562303543091, 0.999963641166687], "5": [0.44405311346054077, 0.3487631678581238, 0.9999555349349976], "6": [0.44191059470176697, 0.3492432236671448, 0.9999468326568604], "7": [0.4593331813812256, 0.35363709926605225, 0.9999662637710571], "8": [0.4385989308357239, 0.35556358098983765, 0.999883770942688], "9": [0.4539927542209625, 0.37095898389816284, 0.9999834299087524], "10": [0.4459705650806427, 0.3706074059009552, 0.9999673366546631], "11": [0.47867849469184875, 0.4065295159816742, 0.999993085861206], "12": [0.42372065782546997, 0.42730218172073364, 0.9998410940170288], "13": [0.49970683455467224, 0.4634625017642975, 0.9969078898429871], "14": [0.40972378849983215, 0.49370378255844116, 0.9780964255332947], "15": [0.4746461510658264, 0.5067147016525269, 0.9958434700965881], "16": [0.38304078578948975, 0.5303642153739929, 0.987438976764679], "17": [0.4690468907356262, 0.5275634527206421, 0.989054799079895], "18": [0.37190762162208557, 0.5410537123680115, 0.9775767922401428], "19": [0.46295782923698425, 0.5208742618560791, 0.9891675710678101], "20": [0.37167176604270935, 0.5377652645111084, 0.9804072976112366], "21": [0.46300390362739563, 0.5146848559379578, 0.9830595254898071], "22": [0.37567004561424255, 0.535624086856842, 0.9770765900611877], "23": [0.47649624943733215, 0.5716248154640198, 0.9998041987419128], "24": [0.44188886880874634, 0.5775333642959595, 0.999707043170929], "25": [0.49348577857017517, 0.6870664358139038, 0.997531533241272], "26": [0.4334750771522522, 0.6846143007278442, 0.9943558573722839], "27": [0.5066019892692566, 0.802287757396698, 0.9970945119857788], "28": [0.4321759343147278, 0.7918035387992859, 0.9951935410499573], "29": [0.5043672323226929, 0.8186651468276978, 0.9381057024002075], "30": [0.43758174777030945, 0.8052946925163269, 0.9367767572402954], "31": [0.5154421329498291, 0.8413333892822266, 0.9929653406143188], "32": [0.42551374435424805, 0.8270198106765747, 0.9890178442001343]}