{"0": [947.6679039001465, 405.16321778297424, 0.9999662041664124], "1": [952.031078338623, 394.6210741996765, 0.9999420046806335], "2": [953.9075088500977, 395.2880108356476, 0.9999261498451233], "3": [955.5698776245117, 395.90383529663086, 0.9999284148216248], "4": [943.2115745544434, 391.99745535850525, 0.9999444484710693], "5": [938.7777328491211, 390.78148126602173, 0.9999290704727173], "6": [934.1682815551758, 389.27866101264954, 0.9999240040779114], "7": [950.4345703125, 398.38168144226074, 0.9997813701629639], "8": [920.2883148193359, 389.52549934387207, 0.999863862991333], "9": [946.468505859375, 417.34519958496094, 0.999961793422699], "10": [936.2692451477051, 413.85573148727417, 0.9999600648880005], "11": [966.632080078125, 465.18259048461914, 0.9999673366546631], "12": [865.4630470275879, 445.56954860687256, 0.9998582005500793], "13": [999.8526763916016, 551.1761212348938, 0.9812632203102112], "14": [842.4140739440918, 514.3624484539032, 0.9819061756134033], "15": [1021.6195678710938, 555.8958864212036, 0.9848151206970215], "16": [902.1181869506836, 545.5667853355408, 0.9886143803596497], "17": [1048.0910110473633, 565.1977872848511, 0.9738580584526062], "18": [920.8590316772461, 559.9759125709534, 0.9785599708557129], "19": [1009.9800109863281, 547.8786134719849, 0.974712610244751], "20": [930.2985763549805, 549.4625759124756, 0.9807513356208801], "21": [1000.3367614746094, 544.5861268043518, 0.9634252786636353], "22": [926.5679740905762, 543.9302945137024, 0.9754669666290283], "23": [947.9282569885254, 637.3287177085876, 0.999837338924408], "24": [897.4642753601074, 637.8158283233643, 0.9997451305389404], "25": [980.8477020263672, 750.6522631645203, 0.9971890449523926], "26": [858.0220413208008, 766.8710446357727, 0.994416356086731], "27": [992.3096466064453, 897.1206378936768, 0.9967828392982483], "28": [825.5161285400391, 852.8606486320496, 0.9924834966659546], "29": [981.0329818725586, 924.5082020759583, 0.944083571434021], "30": [824.3009948730469, 862.5735712051392, 0.9203530550003052], "31": [1027.309455871582, 936.3102221488953, 0.9928681254386902], "32": [817.0355415344238, 904.7894597053528, 0.9854528903961182]}