{"0": [1263.5572052001953, 540.2176237106323, 0.9999662041664124], "1": [1269.374771118164, 526.1614322662354, 0.9999420046806335], "2": [1271.8766784667969, 527.0506811141968, 0.9999261498451233], "3": [1274.0931701660156, 527.8717803955078, 0.9999284148216248], "4": [1257.6154327392578, 522.6632738113403, 0.9999444484710693], "5": [1251.7036437988281, 521.0419750213623, 0.9999290704727173], "6": [1245.5577087402344, 519.0382146835327, 0.9999240040779114], "7": [1267.24609375, 531.1755752563477, 0.9997813701629639], "8": [1227.0510864257812, 519.3673324584961, 0.999863862991333], "9": [1261.9580078125, 556.4602661132812, 0.999961793422699], "10": [1248.3589935302734, 551.8076419830322, 0.9999600648880005], "11": [1288.8427734375, 620.2434539794922, 0.9999673366546631], "12": [1153.9507293701172, 594.0927314758301, 0.9998582005500793], "13": [1333.1369018554688, 734.9014949798584, 0.9812632203102112], "14": [1123.218765258789, 685.8165979385376, 0.9819061756134033], "15": [1362.159423828125, 741.1945152282715, 0.9848151206970215], "16": [1202.8242492675781, 727.4223804473877, 0.9886143803596497], "17": [1397.4546813964844, 753.5970497131348, 0.9738580584526062], "18": [1227.8120422363281, 746.6345500946045, 0.9785599708557129], "19": [1346.6400146484375, 730.5048179626465, 0.974712610244751], "20": [1240.3981018066406, 732.6167678833008, 0.9807513356208801], "21": [1333.7823486328125, 726.1148357391357, 0.9634252786636353], "22": [1235.4239654541016, 725.2403926849365, 0.9754669666290283], "23": [1263.9043426513672, 849.7716236114502, 0.999837338924408], "24": [1196.6190338134766, 850.4211044311523, 0.9997451305389404], "25": [1307.7969360351562, 1000.8696842193604, 0.9971890449523926], "26": [1144.0293884277344, 1022.4947261810303, 0.994416356086731], "27": [1323.0795288085938, 1196.1608505249023, 0.9967828392982483], "28": [1100.6881713867188, 1137.1475315093994, 0.9924834966659546], "29": [1308.0439758300781, 1232.6776027679443, 0.944083571434021], "30": [1099.0679931640625, 1150.0980949401855, 0.9203530550003052], "31": [1369.7459411621094, 1248.4136295318604, 0.9928681254386902], "32": [1089.3807220458984, 1206.3859462738037, 0.9854528903961182]}