{"0": [0.4935770332813263, 0.375151127576828, 0.9999662041664124], "1": [0.49584951996803284, 0.365389883518219, 0.9999420046806335], "2": [0.49682682752609253, 0.36600741744041443, 0.9999261498451233], "3": [0.49769264459609985, 0.3665776252746582, 0.9999284148216248], "4": [0.4912560284137726, 0.3629606068134308, 0.9999444484710693], "5": [0.48894673585891724, 0.36183470487594604, 0.9999290704727173], "6": [0.48654597997665405, 0.36044320464134216, 0.9999240040779114], "7": [0.49501800537109375, 0.36887192726135254, 0.9997813701629639], "8": [0.4793168306350708, 0.3606717586517334, 0.999863862991333], "9": [0.4929523468017578, 0.3864307403564453, 0.999961793422699], "10": [0.48764023184776306, 0.3831997513771057, 0.9999600648880005], "11": [0.5034542083740234, 0.4307246208190918, 0.9999673366546631], "12": [0.450762003660202, 0.41256439685821533, 0.9998582005500793], "13": [0.5207566022872925, 0.5103482604026794, 0.9812632203102112], "14": [0.4387573301792145, 0.47626152634620667, 0.9819061756134033], "15": [0.5320935249328613, 0.5147184133529663, 0.9848151206970215], "16": [0.4698532223701477, 0.5051544308662415, 0.9886143803596497], "17": [0.5458807349205017, 0.5233312845230103, 0.9738580584526062], "18": [0.4796140789985657, 0.5184962153434753, 0.9785599708557129], "19": [0.5260312557220459, 0.5072950124740601, 0.974712610244751], "20": [0.484530508518219, 0.5087616443634033, 0.9807513356208801], "21": [0.5210087299346924, 0.5042464137077332, 0.9634252786636353], "22": [0.4825874865055084, 0.5036391615867615, 0.9754669666290283], "23": [0.4937126338481903, 0.5901191830635071, 0.999837338924408], "24": [0.4674293100833893, 0.5905702114105225, 0.9997451305389404], "25": [0.5108581781387329, 0.6950483918190002, 0.9971890449523926], "26": [0.44688647985458374, 0.7100657820701599, 0.994416356086731], "27": [0.5168279409408569, 0.83066725730896, 0.9967828392982483], "28": [0.429956316947937, 0.7896857857704163, 0.9924834966659546], "29": [0.5109546780586243, 0.8560261130332947, 0.944083571434021], "30": [0.4293234348297119, 0.7986792325973511, 0.9203530550003052], "31": [0.535057008266449, 0.8669539093971252, 0.9928681254386902], "32": [0.4255393445491791, 0.837768018245697, 0.9854528903961182]}