{"0": [957.6779365539551, 385.7616412639618, 0.9999884366989136], "1": [955.1688194274902, 373.37533950805664, 0.9999752044677734], "2": [955.6204032897949, 373.45409989356995, 0.9999749064445496], "3": [955.9672737121582, 373.54209780693054, 0.9999757409095764], "4": [950.6046867370605, 372.9812157154083, 0.9999668002128601], "5": [947.644157409668, 372.71339178085327, 0.9999592900276184], "6": [944.0092849731445, 372.4188530445099, 0.9999513030052185], "7": [943.8109016418457, 378.07894706726074, 0.9999684691429138], "8": [924.411449432373, 377.2106194496155, 0.9998949766159058], "9": [955.645580291748, 397.2307240962982, 0.9999846816062927], "10": [949.9271965026855, 396.6456699371338, 0.9999698996543884], "11": [964.1314315795898, 451.32118105888367, 0.9999920725822449], "12": [884.0459060668945, 442.9642117023468, 0.9998519420623779], "13": [1015.5426406860352, 512.3986208438873, 0.9889259338378906], "14": [847.4308776855469, 385.8917713165283, 0.9801955223083496], "15": [1071.6167449951172, 478.0076265335083, 0.9953804612159729], "16": [826.5739631652832, 299.01365876197815, 0.9886374473571777], "17": [1086.1723709106445, 461.70870065689087, 0.988513171672821], "18": [818.6063003540039, 283.9460599422455, 0.9796439409255981], "19": [1081.472282409668, 449.590448141098, 0.9887812733650208], "20": [821.6555786132812, 283.6285078525543, 0.9821599125862122], "21": [1074.9397659301758, 453.99481773376465, 0.983027994632721], "22": [825.421199798584, 287.90165305137634, 0.9790133237838745], "23": [956.1617088317871, 635.6722712516785, 0.9998233914375305], "24": [902.2509956359863, 638.8087177276611, 0.9997343420982361], "25": [992.4449157714844, 763.8881278038025, 0.9971088767051697], "26": [864.2545509338379, 771.1799812316895, 0.9946399927139282], "27": [991.1753082275391, 904.2883157730103, 0.9967870116233826], "28": [818.1120872497559, 865.4523968696594, 0.9947460293769836], "29": [979.3291854858398, 931.8297958374023, 0.9426853656768799], "30": [811.721019744873, 871.2667608261108, 0.9347774982452393], "31": [1028.8500595092773, 945.9303832054138, 0.9928426742553711], "32": [811.5867805480957, 925.8356380462646, 0.988490641117096]}