{"0": [1276.9039154052734, 514.3488550186157, 0.9999884366989136], "1": [1273.5584259033203, 497.8337860107422, 0.9999752044677734], "2": [1274.1605377197266, 497.93879985809326, 0.9999749064445496], "3": [1274.623031616211, 498.0561304092407, 0.9999757409095764], "4": [1267.472915649414, 497.30828762054443, 0.9999668002128601], "5": [1263.5255432128906, 496.9511890411377, 0.9999592900276184], "6": [1258.6790466308594, 496.5584707260132, 0.9999513030052185], "7": [1258.414535522461, 504.10526275634766, 0.9999684691429138], "8": [1232.548599243164, 502.9474925994873, 0.9998949766159058], "9": [1274.194107055664, 529.640965461731, 0.9999846816062927], "10": [1266.569595336914, 528.8608932495117, 0.9999698996543884], "11": [1285.5085754394531, 601.7615747451782, 0.9999920725822449], "12": [1178.7278747558594, 590.6189489364624, 0.9998519420623779], "13": [1354.0568542480469, 683.1981611251831, 0.9889259338378906], "14": [1129.9078369140625, 514.5223617553711, 0.9801955223083496], "15": [1428.8223266601562, 637.3435020446777, 0.9953804612159729], "16": [1102.098617553711, 398.6848783493042, 0.9886374473571777], "17": [1448.2298278808594, 615.6116008758545, 0.988513171672821], "18": [1091.4750671386719, 378.59474658966064, 0.9796439409255981], "19": [1441.9630432128906, 599.4539308547974, 0.9887812733650208], "20": [1095.540771484375, 378.17134380340576, 0.9821599125862122], "21": [1433.2530212402344, 605.3264236450195, 0.983027994632721], "22": [1100.5615997314453, 383.86887073516846, 0.9790133237838745], "23": [1274.8822784423828, 847.5630283355713, 0.9998233914375305], "24": [1203.0013275146484, 851.7449569702148, 0.9997343420982361], "25": [1323.2598876953125, 1018.5175037384033, 0.9971088767051697], "26": [1152.3394012451172, 1028.239974975586, 0.9946399927139282], "27": [1321.5670776367188, 1205.7177543640137, 0.9967870116233826], "28": [1090.8161163330078, 1153.936529159546, 0.9947460293769836], "29": [1305.7722473144531, 1242.4397277832031, 0.9426853656768799], "30": [1082.294692993164, 1161.6890144348145, 0.9347774982452393], "31": [1371.8000793457031, 1261.2405109405518, 0.9928426742553711], "32": [1082.115707397461, 1234.4475173950195, 0.988490641117096]}