{"0": [864.4244384765625, 387.2448921203613, 0.9999876022338867], "1": [869.5417785644531, 375.13095259666443, 0.999972939491272], "2": [873.0346298217773, 375.2175986766815, 0.999972939491272], "3": [876.3238334655762, 375.4097521305084, 0.9999737739562988], "4": [857.0785331726074, 376.1167287826538, 0.999963641166687], "5": [852.5819778442383, 376.6642212867737, 0.9999555349349976], "6": [848.4683418273926, 377.18268156051636, 0.9999468326568604], "7": [881.9197082519531, 381.9280672073364, 0.9999662637710571], "8": [842.1099472045898, 384.00866746902466, 0.999883770942688], "9": [871.666088104248, 400.63570261001587, 0.9999834299087524], "10": [856.263484954834, 400.2559983730316, 0.9999673366546631], "11": [919.0627098083496, 439.05187726020813, 0.999993085861206], "12": [813.5436630249023, 461.48635625839233, 0.9998410940170288], "13": [959.4371223449707, 500.5395019054413, 0.9969078898429871], "14": [786.6696739196777, 533.2000851631165, 0.9780964255332947], "15": [911.3206100463867, 547.251877784729, 0.9958434700965881], "16": [735.4383087158203, 572.7933526039124, 0.987438976764679], "17": [900.5700302124023, 569.7685289382935, 0.989054799079895], "18": [714.0626335144043, 584.3380093574524, 0.9775767922401428], "19": [888.8790321350098, 562.5442028045654, 0.9891675710678101], "20": [713.609790802002, 580.7864856719971, 0.9804072976112366], "21": [888.9674949645996, 555.8596444129944, 0.9830595254898071], "22": [721.2864875793457, 578.4740138053894, 0.9770765900611877], "23": [914.8727989196777, 617.3548007011414, 0.9998041987419128], "24": [848.426628112793, 623.7360334396362, 0.999707043170929], "25": [947.4926948547363, 742.0317506790161, 0.997531533241272], "26": [832.2721481323242, 739.3834447860718, 0.9943558573722839], "27": [972.6758193969727, 866.4707779884338, 0.9970945119857788], "28": [829.7777938842773, 855.1478219032288, 0.9951935410499573], "29": [968.3850860595703, 884.1583585739136, 0.9381057024002075], "30": [840.1569557189941, 869.718267917633, 0.9367767572402954], "31": [989.6488952636719, 908.6400604248047, 0.9929653406143188], "32": [816.9863891601562, 893.1813955307007, 0.9890178442001343]}