{"0": [0.49879059195518494, 0.3571867048740387, 0.9999884366989136], "1": [0.4974837601184845, 0.3457179069519043, 0.9999752044677734], "2": [0.4977189600467682, 0.345790833234787, 0.9999749064445496], "3": [0.4978996217250824, 0.34587231278419495, 0.9999757409095764], "4": [0.49510660767555237, 0.34535297751426697, 0.9999668002128601], "5": [0.4935646653175354, 0.34510499238967896, 0.9999592900276184], "6": [0.49167150259017944, 0.34483227133750916, 0.9999513030052185], "7": [0.4915681779384613, 0.35007309913635254, 0.9999684691429138], "8": [0.48146429657936096, 0.3492690920829773, 0.9998949766159058], "9": [0.4977320730686188, 0.36780622601509094, 0.9999846816062927], "10": [0.49475374817848206, 0.3672645092010498, 0.9999698996543884], "11": [0.5021517872810364, 0.4178899824619293, 0.9999920725822449], "12": [0.46044057607650757, 0.41015204787254333, 0.9998519420623779], "13": [0.5289284586906433, 0.4744431674480438, 0.9889259338378906], "14": [0.44137024879455566, 0.35730719566345215, 0.9801955223083496], "15": [0.5581337213516235, 0.44259965419769287, 0.9953804612159729], "16": [0.43050727248191833, 0.27686449885368347, 0.9886374473571777], "17": [0.5657147765159607, 0.42750805616378784, 0.988513171672821], "18": [0.4263574481010437, 0.2629130184650421, 0.9796439409255981], "19": [0.5632668137550354, 0.41628745198249817, 0.9887812733650208], "20": [0.427945613861084, 0.2626189887523651, 0.9821599125862122], "21": [0.5598644614219666, 0.420365571975708, 0.983027994632721], "22": [0.4299068748950958, 0.2665756046772003, 0.9790133237838745], "23": [0.4980008900165558, 0.5885854363441467, 0.9998233914375305], "24": [0.46992239356040955, 0.5914895534515381, 0.9997343420982361], "25": [0.5168983936309814, 0.7073038220405579, 0.9971088767051697], "26": [0.4501325786113739, 0.7140555381774902, 0.9946399927139282], "27": [0.5162371397018433, 0.8373039960861206, 0.9967870116233826], "28": [0.4261000454425812, 0.8013448119163513, 0.9947460293769836], "29": [0.5100672841072083, 0.8628053665161133, 0.9426853656768799], "30": [0.4227713644504547, 0.8067284822463989, 0.9347774982452393], "31": [0.5358594059944153, 0.8758614659309387, 0.9928426742553711], "32": [0.4227014482021332, 0.857255220413208, 0.988490641117096]}