{"0": [0.48902392387390137, 0.32221898436546326, 0.9999735951423645], "1": [0.4892386496067047, 0.30584293603897095, 0.9999876618385315], "2": [0.4909828305244446, 0.3058558404445648, 0.9999827146530151], "3": [0.4925830364227295, 0.30582842230796814, 0.9999834895133972], "4": [0.4814240336418152, 0.3051297664642334, 0.9999839663505554], "5": [0.4777294397354126, 0.30508071184158325, 0.9999756217002869], "6": [0.4741467535495758, 0.30535757541656494, 0.9999754428863525], "7": [0.48960113525390625, 0.3128790855407715, 0.9999723434448242], "8": [0.46474409103393555, 0.31473931670188904, 0.999981164932251], "9": [0.4906542897224426, 0.3394058644771576, 0.9999861121177673], "10": [0.48198261857032776, 0.3406729996204376, 0.9999868869781494], "11": [0.5101312398910522, 0.39876222610473633, 0.9998958110809326], "12": [0.43194982409477234, 0.403580904006958, 0.9999061822891235], "13": [0.525789201259613, 0.49939432740211487, 0.9671223163604736], "14": [0.4176205098628998, 0.5153777003288269, 0.9996142983436584], "15": [0.5171229839324951, 0.5262162685394287, 0.9792346358299255], "16": [0.46814393997192383, 0.5445898175239563, 0.996736466884613], "17": [0.5158032178878784, 0.5428249835968018, 0.9722691178321838], "18": [0.48635026812553406, 0.5524843335151672, 0.9880795478820801], "19": [0.5135412812232971, 0.5276471972465515, 0.972801923751831], "20": [0.489837110042572, 0.5332666635513306, 0.9866933226585388], "21": [0.5118842124938965, 0.5226563215255737, 0.9650165438652039], "22": [0.4849725663661957, 0.5295333862304688, 0.9811183214187622], "23": [0.4957883656024933, 0.6168184280395508, 0.9999957084655762], "24": [0.4547259509563446, 0.6358329057693481, 0.9999659657478333], "25": [0.5670392513275146, 0.630655825138092, 0.9962587356567383], "26": [0.44380101561546326, 0.8203748464584351, 0.9967929720878601], "27": [0.5586338043212891, 0.8161914944648743, 0.9905849099159241], "28": [0.41120555996894836, 0.7744347453117371, 0.8868276476860046], "29": [0.5490984916687012, 0.847642719745636, 0.9853294491767883], "30": [0.412715345621109, 0.7356580495834351, 0.8001896142959595], "31": [0.5967357158660889, 0.8559466600418091, 0.9883145093917847], "32": [0.39713096618652344, 0.8267948031425476, 0.8539463877677917]}