{"0": [1251.9012451171875, 463.9953374862671, 0.9999735951423645], "1": [1252.450942993164, 440.41382789611816, 0.9999876618385315], "2": [1256.9160461425781, 440.43241024017334, 0.9999827146530151], "3": [1261.0125732421875, 440.3929281234741, 0.9999834895133972], "4": [1232.4455261230469, 439.3868637084961, 0.9999839663505554], "5": [1222.9873657226562, 439.3162250518799, 0.9999756217002869], "6": [1213.815689086914, 439.7149085998535, 0.9999754428863525], "7": [1253.37890625, 450.54588317871094, 0.9999723434448242], "8": [1189.744873046875, 453.2246160507202, 0.999981164932251], "9": [1256.0749816894531, 488.74444484710693, 0.9999861121177673], "10": [1233.875503540039, 490.5691194534302, 0.9999868869781494], "11": [1305.9359741210938, 574.2176055908203, 0.9998958110809326], "12": [1105.7915496826172, 581.1565017700195, 0.9999061822891235], "13": [1346.0203552246094, 719.1278314590454, 0.9671223163604736], "14": [1069.1085052490234, 742.1438884735107, 0.9996142983436584], "15": [1323.8348388671875, 757.7514266967773, 0.9792346358299255], "16": [1198.448486328125, 784.2093372344971, 0.996736466884613], "17": [1320.4562377929688, 781.6679763793945, 0.9722691178321838], "18": [1245.0566864013672, 795.5774402618408, 0.9880795478820801], "19": [1314.6656799316406, 759.8119640350342, 0.972801923751831], "20": [1253.9830017089844, 767.903995513916, 0.9866933226585388], "21": [1310.423583984375, 752.6251029968262, 0.9650165438652039], "22": [1241.529769897461, 762.528076171875, 0.9811183214187622], "23": [1269.2182159423828, 888.2185363769531, 0.9999957084655762], "24": [1164.0984344482422, 915.5993843078613, 0.9999659657478333], "25": [1451.6204833984375, 908.1443881988525, 0.9962587356567383], "26": [1136.130599975586, 1181.3397789001465, 0.9967929720878601], "27": [1430.1025390625, 1175.315752029419, 0.9905849099159241], "28": [1052.6862335205078, 1115.1860332489014, 0.8868276476860046], "29": [1405.692138671875, 1220.6055164337158, 0.9853294491767883], "30": [1056.551284790039, 1059.3475914001465, 0.8001896142959595], "31": [1527.6434326171875, 1232.563190460205, 0.9883145093917847], "32": [1016.6552734375, 1190.5845165252686, 0.8539463877677917]}