{"0": [0.45975521206855774, 0.32960084080696106, 0.9999958276748657], "1": [0.45981529355049133, 0.31350448727607727, 0.9999961853027344], "2": [0.46151790022850037, 0.3136287033557892, 0.9999926090240479], "3": [0.4632224440574646, 0.3138241171836853, 0.9999945163726807], "4": [0.4540650248527527, 0.3129613697528839, 0.9999970197677612], "5": [0.45087936520576477, 0.31291463971138, 0.9999943971633911], "6": [0.4473428428173065, 0.31306883692741394, 0.9999951124191284], "7": [0.46135154366493225, 0.32020506262779236, 0.9999879598617554], "8": [0.43726056814193726, 0.3222120702266693, 0.9999974966049194], "9": [0.46159160137176514, 0.3440248668193817, 0.9999929666519165], "10": [0.454327255487442, 0.3446405231952667, 0.9999957084655762], "11": [0.4879469871520996, 0.394356369972229, 0.9998879432678223], "12": [0.41158637404441833, 0.4142872989177704, 0.999914288520813], "13": [0.5399256348609924, 0.381109356880188, 0.996425211429596], "14": [0.34843045473098755, 0.3926228880882263, 0.9999568462371826], "15": [0.5673160552978516, 0.3123921751976013, 0.9981569647789001], "16": [0.34059253334999084, 0.2967599928379059, 0.9991102814674377], "17": [0.5766656398773193, 0.2931259870529175, 0.9921085238456726], "18": [0.3378073275089264, 0.2684768736362457, 0.9924052357673645], "19": [0.5720090270042419, 0.2876621186733246, 0.9918873906135559], "20": [0.34484124183654785, 0.2664957344532013, 0.9910029172897339], "21": [0.568728506565094, 0.2936444878578186, 0.9899195432662964], "22": [0.34743520617485046, 0.27267858386039734, 0.9884899258613586], "23": [0.4940983057022095, 0.617398738861084, 0.999995231628418], "24": [0.45292556285858154, 0.6287382245063782, 0.9999654293060303], "25": [0.5701565146446228, 0.6367507576942444, 0.9959723353385925], "26": [0.4431195855140686, 0.8132346272468567, 0.9969884753227234], "27": [0.5583313703536987, 0.8185890316963196, 0.9901593327522278], "28": [0.415286123752594, 0.7543536424636841, 0.8956463932991028], "29": [0.5486264824867249, 0.8492163419723511, 0.9883430600166321], "30": [0.4123977720737457, 0.728598952293396, 0.8286893963813782], "31": [0.5967134237289429, 0.8559302091598511, 0.9885998964309692], "32": [0.4011160731315613, 0.8158141374588013, 0.8725088238716125]}