{"0": [882.7300071716309, 355.96890807151794, 0.9999958276748657], "1": [882.8453636169434, 338.58484625816345, 0.9999961853027344], "2": [886.1143684387207, 338.7189996242523, 0.9999926090240479], "3": [889.387092590332, 338.9300465583801, 0.9999945163726807], "4": [871.8048477172852, 337.9982793331146, 0.9999970197677612], "5": [865.6883811950684, 337.9478108882904, 0.9999943971633911], "6": [858.8982582092285, 338.11434388160706, 0.9999951124191284], "7": [885.7949638366699, 345.82146763801575, 0.9999879598617554], "8": [839.5402908325195, 347.98903584480286, 0.9999974966049194], "9": [886.2558746337891, 371.54685616493225, 0.9999929666519165], "10": [872.3083305358887, 372.21176505088806, 0.9999957084655762], "11": [936.8582153320312, 425.9048795700073, 0.9998879432678223], "12": [790.2458381652832, 447.430282831192, 0.999914288520813], "13": [1036.6572189331055, 411.598105430603, 0.996425211429596], "14": [668.9864730834961, 424.0327191352844, 0.9999568462371826], "15": [1089.246826171875, 337.3835492134094, 0.9981569647789001], "16": [653.9376640319824, 320.50079226493835, 0.9991102814674377], "17": [1107.1980285644531, 316.5760660171509, 0.9921085238456726], "18": [648.5900688171387, 289.9550235271454, 0.9924052357673645], "19": [1098.2573318481445, 310.67508816719055, 0.9918873906135559], "20": [662.0951843261719, 287.8153932094574, 0.9910029172897339], "21": [1091.9587326049805, 317.1360468864441, 0.9899195432662964], "22": [667.0755958557129, 294.4928705692291, 0.9884899258613586], "23": [948.6687469482422, 666.7906379699707, 0.999995231628418], "24": [869.6170806884766, 679.0372824668884, 0.9999654293060303], "25": [1094.7005081176758, 687.6908183097839, 0.9959723353385925], "26": [850.7896041870117, 878.2933974266052, 0.9969884753227234], "27": [1071.9962310791016, 884.0761542320251, 0.9901593327522278], "28": [797.3493576049805, 814.7019338607788, 0.8956463932991028], "29": [1053.3628463745117, 917.1536493301392, 0.9883430600166321], "30": [791.8037223815918, 786.8868684768677, 0.8286893963813782], "31": [1145.6897735595703, 924.4046258926392, 0.9885998964309692], "32": [770.1428604125977, 881.0792684555054, 0.8725088238716125]}