{"0": [0.4969755709171295, 0.3209691047668457, 0.9999950528144836], "1": [0.495672345161438, 0.30509698390960693, 0.9999963045120239], "2": [0.4966728091239929, 0.30516985058784485, 0.9999929070472717], "3": [0.49763938784599304, 0.3052239418029785, 0.9999947547912598], "4": [0.4898265600204468, 0.30445393919944763, 0.9999964833259583], "5": [0.4866824448108673, 0.30438360571861267, 0.9999935030937195], "6": [0.48313483595848083, 0.3046025037765503, 0.9999938011169434], "7": [0.49082884192466736, 0.31267568469047546, 0.9999889135360718], "8": [0.47112730145454407, 0.3143809139728546, 0.999997079372406], "9": [0.49717190861701965, 0.3370678722858429, 0.9999933838844299], "10": [0.4901711344718933, 0.339050829410553, 0.9999953508377075], "11": [0.5009978413581848, 0.3968077600002289, 0.9998975992202759], "12": [0.43840619921684265, 0.3871058225631714, 0.9999141097068787], "13": [0.5462406277656555, 0.46392905712127686, 0.9900818467140198], "14": [0.41302019357681274, 0.2889435589313507, 0.9999446868896484], "15": [0.5608065128326416, 0.4269329905509949, 0.9963997602462769], "16": [0.42499789595603943, 0.19633667171001434, 0.9990823864936829], "17": [0.5629220604896545, 0.4125197231769562, 0.9896645545959473], "18": [0.4325813055038452, 0.17234943807125092, 0.9926496148109436], "19": [0.5569324493408203, 0.4000595211982727, 0.9895737171173096], "20": [0.43562304973602295, 0.17046186327934265, 0.9912417531013489], "21": [0.5550207495689392, 0.4050866663455963, 0.9866033792495728], "22": [0.4333269000053406, 0.17895299196243286, 0.9885401129722595], "23": [0.4943559467792511, 0.6148399114608765, 0.9999957084655762], "24": [0.45516493916511536, 0.6285013556480408, 0.9999685287475586], "25": [0.5694878101348877, 0.6334127187728882, 0.9962435364723206], "26": [0.44375932216644287, 0.8208128809928894, 0.9972191452980042], "27": [0.5586808323860168, 0.8183885812759399, 0.9907925128936768], "28": [0.41263729333877563, 0.7681607604026794, 0.9008143544197083], "29": [0.5486494898796082, 0.8492432236671448, 0.9889487028121948], "30": [0.41122111678123474, 0.735808253288269, 0.8322770595550537], "31": [0.5969721674919128, 0.8559771776199341, 0.9892586469650269], "32": [0.39701777696609497, 0.83167564868927, 0.8763518333435059]}