{"0": [954.1930961608887, 346.64663314819336, 0.9999950528144836], "1": [951.6909027099609, 329.5047426223755, 0.9999963045120239], "2": [953.6117935180664, 329.58343863487244, 0.9999929070472717], "3": [955.4676246643066, 329.6418571472168, 0.9999947547912598], "4": [940.4669952392578, 328.81025433540344, 0.9999964833259583], "5": [934.4302940368652, 328.7342941761017, 0.9999935030937195], "6": [927.6188850402832, 328.9707040786743, 0.9999938011169434], "7": [942.3913764953613, 337.6897394657135, 0.9999889135360718], "8": [904.5644187927246, 339.531387090683, 0.999997079372406], "9": [954.5700645446777, 364.0333020687103, 0.9999933838844299], "10": [941.1285781860352, 366.1748957633972, 0.9999953508377075], "11": [961.9158554077148, 428.5523808002472, 0.9998975992202759], "12": [841.7399024963379, 418.0742883682251, 0.9999141097068787], "13": [1048.7820053100586, 501.043381690979, 0.9900818467140198], "14": [792.9987716674805, 312.05904364585876, 0.9999446868896484], "15": [1076.7485046386719, 461.08762979507446, 0.9963997602462769], "16": [815.9959602355957, 212.0436054468155, 0.9990823864936829], "17": [1080.8103561401367, 445.52130103111267, 0.9896645545959473], "18": [830.5561065673828, 186.137393116951, 0.9926496148109436], "19": [1069.310302734375, 432.0642828941345, 0.9895737171173096], "20": [836.3962554931641, 184.09881234169006, 0.9912417531013489], "21": [1065.6398391723633, 437.493599653244, 0.9866033792495728], "22": [831.9876480102539, 193.2692313194275, 0.9885401129722595], "23": [949.1634178161621, 664.0271043777466, 0.9999957084655762], "24": [873.9166831970215, 678.781464099884, 0.9999685287475586], "25": [1093.4165954589844, 684.0857362747192, 0.9962435364723206], "26": [852.0178985595703, 886.4779114723206, 0.9972191452980042], "27": [1072.6671981811523, 883.8596677780151, 0.9907925128936768], "28": [792.2636032104492, 829.6136212348938, 0.9008143544197083], "29": [1053.4070205688477, 917.1826815605164, 0.9889487028121948], "30": [789.5445442199707, 794.6729135513306, 0.8322770595550537], "31": [1146.1865615844727, 924.4553518295288, 0.9892586469650269], "32": [762.2741317749023, 898.2097005844116, 0.8763518333435059]}