{"0": [938.9259338378906, 347.9965031147003, 0.9999735951423645], "1": [939.338207244873, 330.3103709220886, 0.9999876618385315], "2": [942.6870346069336, 330.32430768013, 0.9999827146530151], "3": [945.7594299316406, 330.2946960926056, 0.9999834895133972], "4": [924.3341445922852, 329.54014778137207, 0.9999839663505554], "5": [917.2405242919922, 329.4871687889099, 0.9999756217002869], "6": [910.3617668151855, 329.78618144989014, 0.9999754428863525], "7": [940.0341796875, 337.9094123840332, 0.9999723434448242], "8": [892.3086547851562, 339.91846203804016, 0.999981164932251], "9": [942.0562362670898, 366.5583336353302, 0.9999861121177673], "10": [925.4066276550293, 367.92683959007263, 0.9999868869781494], "11": [979.4519805908203, 430.66320419311523, 0.9998958110809326], "12": [829.3436622619629, 435.86737632751465, 0.9999061822891235], "13": [1009.515266418457, 539.3458735942841, 0.9671223163604736], "14": [801.8313789367676, 556.607916355133, 0.9996142983436584], "15": [992.8761291503906, 568.313570022583, 0.9792346358299255], "16": [898.8363647460938, 588.1570029258728, 0.996736466884613], "17": [990.3421783447266, 586.2509822845459, 0.9722691178321838], "18": [933.7925148010254, 596.6830801963806, 0.9880795478820801], "19": [985.9992599487305, 569.8589730262756, 0.972801923751831], "20": [940.4872512817383, 575.927996635437, 0.9866933226585388], "21": [982.8176879882812, 564.4688272476196, 0.9650165438652039], "22": [931.1473274230957, 571.8960571289062, 0.9811183214187622], "23": [951.9136619567871, 666.1639022827148, 0.9999957084655762], "24": [873.0738258361816, 686.699538230896, 0.9999659657478333], "25": [1088.7153625488281, 681.1082911491394, 0.9962587356567383], "26": [852.0979499816895, 886.0048341751099, 0.9967929720878601], "27": [1072.576904296875, 881.4868140220642, 0.9905849099159241], "28": [789.5146751403809, 836.389524936676, 0.8868276476860046], "29": [1054.2691040039062, 915.4541373252869, 0.9853294491767883], "30": [792.4134635925293, 794.5106935501099, 0.8001896142959595], "31": [1145.7325744628906, 924.4223928451538, 0.9883145093917847], "32": [762.491455078125, 892.9383873939514, 0.8539463877677917]}