{"0": [1272.2574615478516, 462.1955108642578, 0.9999950528144836], "1": [1268.9212036132812, 439.339656829834, 0.9999963045120239], "2": [1271.4823913574219, 439.4445848464966, 0.9999929070472717], "3": [1273.9568328857422, 439.52247619628906, 0.9999947547912598], "4": [1253.9559936523438, 438.4136724472046, 0.9999964833259583], "5": [1245.9070587158203, 438.31239223480225, 0.9999935030937195], "6": [1236.825180053711, 438.6276054382324, 0.9999938011169434], "7": [1256.5218353271484, 450.25298595428467, 0.9999889135360718], "8": [1206.0858917236328, 452.70851612091064, 0.999997079372406], "9": [1272.7600860595703, 485.37773609161377, 0.9999933838844299], "10": [1254.8381042480469, 488.2331943511963, 0.9999953508377075], "11": [1282.5544738769531, 571.4031744003296, 0.9998975992202759], "12": [1122.3198699951172, 557.4323844909668, 0.9999141097068787], "13": [1398.3760070800781, 668.0578422546387, 0.9900818467140198], "14": [1057.3316955566406, 416.078724861145, 0.9999446868896484], "15": [1435.6646728515625, 614.7835063934326, 0.9963997602462769], "16": [1087.994613647461, 282.72480726242065, 0.9990823864936829], "17": [1441.0804748535156, 594.0284013748169, 0.9896645545959473], "18": [1107.4081420898438, 248.18319082260132, 0.9926496148109436], "19": [1425.7470703125, 576.0857105255127, 0.9895737171173096], "20": [1115.1950073242188, 245.46508312225342, 0.9912417531013489], "21": [1420.8531188964844, 583.3247995376587, 0.9866033792495728], "22": [1109.3168640136719, 257.6923084259033, 0.9885401129722595], "23": [1265.5512237548828, 885.3694725036621, 0.9999957084655762], "24": [1165.2222442626953, 905.0419521331787, 0.9999685287475586], "25": [1457.8887939453125, 912.114315032959, 0.9962435364723206], "26": [1136.0238647460938, 1181.9705486297607, 0.9972191452980042], "27": [1430.2229309082031, 1178.4795570373535, 0.9907925128936768], "28": [1056.3514709472656, 1106.1514949798584, 0.9008143544197083], "29": [1404.5426940917969, 1222.9102420806885, 0.9889487028121948], "30": [1052.726058959961, 1059.5638847351074, 0.8322770595550537], "31": [1528.2487487792969, 1232.607135772705, 0.9892586469650269], "32": [1016.3655090332031, 1197.6129341125488, 0.8763518333435059]}