{"0": [1176.9733428955078, 474.6252107620239, 0.9999958276748657], "1": [1177.1271514892578, 451.44646167755127, 0.9999961853027344], "2": [1181.485824584961, 451.6253328323364, 0.9999926090240479], "3": [1185.8494567871094, 451.90672874450684, 0.9999945163726807], "4": [1162.4064636230469, 450.66437244415283, 0.9999970197677612], "5": [1154.2511749267578, 450.5970811843872, 0.9999943971633911], "6": [1145.1976776123047, 450.8191251754761, 0.9999951124191284], "7": [1181.0599517822266, 461.095290184021, 0.9999879598617554], "8": [1119.3870544433594, 463.9853811264038, 0.9999974966049194], "9": [1181.6744995117188, 495.39580821990967, 0.9999929666519165], "10": [1163.0777740478516, 496.2823534011841, 0.9999957084655762], "11": [1249.144287109375, 567.8731727600098, 0.9998879432678223], "12": [1053.661117553711, 596.5737104415894, 0.999914288520813], "13": [1382.2096252441406, 548.7974739074707, 0.996425211429596], "14": [891.9819641113281, 565.3769588470459, 0.9999568462371826], "15": [1452.3291015625, 449.8447322845459, 0.9981569647789001], "16": [871.9168853759766, 427.3343896865845, 0.9991102814674377], "17": [1476.2640380859375, 422.1014213562012, 0.9921085238456726], "18": [864.7867584228516, 386.60669803619385, 0.9924052357673645], "19": [1464.3431091308594, 414.2334508895874, 0.9918873906135559], "20": [882.7935791015625, 383.75385761260986, 0.9910029172897339], "21": [1455.9449768066406, 422.8480625152588, 0.9899195432662964], "22": [889.4341278076172, 392.65716075897217, 0.9884899258613586], "23": [1264.8916625976562, 889.0541839599609, 0.999995231628418], "24": [1159.4894409179688, 905.3830432891846, 0.9999654293060303], "25": [1459.6006774902344, 916.9210910797119, 0.9959723353385925], "26": [1134.3861389160156, 1171.0578632354736, 0.9969884753227234], "27": [1429.3283081054688, 1178.7682056427002, 0.9901593327522278], "28": [1063.1324768066406, 1086.269245147705, 0.8956463932991028], "29": [1404.4837951660156, 1222.8715324401855, 0.9883430600166321], "30": [1055.738296508789, 1049.1824913024902, 0.8286893963813782], "31": [1527.5863647460938, 1232.5395011901855, 0.9885998964309692], "32": [1026.8571472167969, 1174.7723579406738, 0.8725088238716125]}