{
  "0": [
    1.1398005e+03,
    5.7529492e+02,
    8.3466911e-01
  ],
  "1": [
    1.1784230e+03,
    5.7900220e+02,
    8.4535778e-01
  ],
  "2": [
    1.1749813e+03,
    5.7526904e+02,
    7.8607374e-01
  ],
  "3": [
    1.1397749e+03,
    5.3661426e+02,
    7.3040819e-01
  ],
  "4": [
    1.1007958e+03,
    5.1189206e+02,
    8.2105988e-01
  ],
  "5": [
    1.1820034e+03,
    5.9299658e+02,
    8.2835478e-01
  ],
  "6": [
    1.1431165e+03,
    6.2122412e+02,
    8.6782217e-01
  ],
  "7": [
    1.1114083e+03,
    6.0343787e+02,
    8.5913503e-01
  ],
  "8": [
    1.1998163e+03,
    6.8811438e+02,
    8.5730910e-01
  ],
  "9": [
    1.2102054e+03,
    6.8468787e+02,
    7.7237040e-01
  ],
  "10": [
    1.2279183e+03,
    7.6233972e+02,
    8.4841621e-01
  ],
  "11": [
    1.2841389e+03,
    8.2567688e+02,
    9.2506695e-01
  ],
  "12": [
    1.1995298e+03,
    6.8824689e+02,
    8.9065969e-01
  ],
  "13": [
    1.1679604e+03,
    7.6228900e+02,
    8.5859650e-01
  ],
  "14": [
    1.1501758e+03,
    8.3632404e+02,
    8.6167431e-01
  ],
  "15": [
    1.1362056e+03,
    5.7526447e+02,
    5.7470620e-02
  ],
  "16": [
    1.1430916e+03,
    5.6824109e+02,
    7.6380301e-01
  ],
  "17": [
    0.0000000e+00,
    0.0000000e+00,
    0.0000000e+00
  ],
  "18": [
    1.1607977e+03,
    5.6475781e+02,
    7.6986021e-01
  ],
  "19": [
    1.1149392e+03,
    8.5037012e+02,
    7.5829422e-01
  ],
  "20": [
    1.1255814e+03,
    8.5740497e+02,
    8.1782639e-01
  ],
  "21": [
    1.1573638e+03,
    8.5386591e+02,
    8.2452637e-01
  ],
  "22": [
    1.2771779e+03,
    8.5754388e+02,
    8.4641957e-01
  ],
  "23": [
    1.2807031e+03,
    8.5402551e+02,
    7.6711714e-01
  ],
  "24": [
    1.2913845e+03,
    8.2911053e+02,
    8.7871808e-01
  ]
}