{
  "0": [
    1.22992664e+03,
    6.67105408e+02,
    1.79231688e-01
  ],
  "1": [
    1.25430371e+03,
    6.98094788e+02,
    9.43190336e-01
  ],
  "2": [
    1.26799756e+03,
    6.91251160e+02,
    7.91826367e-01
  ],
  "3": [
    1.24378308e+03,
    6.49827393e+02,
    7.67435491e-01
  ],
  "4": [
    1.20934326e+03,
    6.35997314e+02,
    8.08090091e-01
  ],
  "5": [
    1.23691919e+03,
    7.01700867e+02,
    9.07386720e-01
  ],
  "6": [
    1.21274573e+03,
    7.29393188e+02,
    8.80001605e-01
  ],
  "7": [
    1.18165405e+03,
    7.39647827e+02,
    8.28032374e-01
  ],
  "8": [
    1.25750732e+03,
    7.74129883e+02,
    8.88512194e-01
  ],
  "9": [
    1.26806506e+03,
    7.70642700e+02,
    7.91859150e-01
  ],
  "10": [
    1.28526587e+03,
    8.36204834e+02,
    8.89418781e-01
  ],
  "11": [
    1.31298181e+03,
    8.94975342e+02,
    8.36719871e-01
  ],
  "12": [
    1.24721399e+03,
    7.77550903e+02,
    8.29872787e-01
  ],
  "13": [
    1.22646814e+03,
    8.36156067e+02,
    8.48829150e-01
  ],
  "14": [
    1.20930872e+03,
    8.95003906e+02,
    8.41475129e-01
  ],
  "15": [
    0.00000000e+00,
    0.00000000e+00,
    0.00000000e+00
  ],
  "16": [
    1.23004773e+03,
    6.56778137e+02,
    1.88991919e-01
  ],
  "17": [
    1.26115356e+03,
    6.73971008e+02,
    1.96890086e-01
  ],
  "18": [
    1.24032117e+03,
    6.73879089e+02,
    6.72650218e-01
  ],
  "19": [
    1.19900439e+03,
    8.98386108e+02,
    6.39258623e-01
  ],
  "20": [
    1.19893835e+03,
    8.98481628e+02,
    7.38628387e-01
  ],
  "21": [
    1.21280457e+03,
    8.98621033e+02,
    8.31390738e-01
  ],
  "22": [
    1.31305005e+03,
    9.19202881e+02,
    8.19358110e-01
  ],
  "23": [
    1.33013684e+03,
    9.19080078e+02,
    7.72331953e-01
  ],
  "24": [
    1.31640002e+03,
    9.01921692e+02,
    7.71312177e-01
  ]
}