{
  "0": [
    0.0,
    0.0,
    0.0
  ],
  "1": [
    1445.4921875,
    315.70257568359375,
    0.7470813989639282
  ],
  "2": [
    1458.8109130859375,
    326.2898254394531,
    0.7631808519363403
  ],
  "3": [
    1504.24853515625,
    267.6831970214844,
    0.9026159048080444
  ],
  "4": [
    1442.9068603515625,
    216.78121948242188,
    0.8748393058776855
  ],
  "5": [
    1437.431396484375,
    312.9598693847656,
    0.7455406188964844
  ],
  "6": [
    1448.1474609375,
    390.417724609375,
    0.3001857101917267
  ],
  "7": [
    1504.2105712890625,
    433.1602783203125,
    0.6793870329856873
  ],
  "8": [
    1464.0599365234375,
    475.84375,
    0.7061901688575745
  ],
  "9": [
    1464.27392578125,
    478.5473327636719,
    0.734270453453064
  ],
  "10": [
    1456.17626953125,
    585.4895629882812,
    0.7827809453010559
  ],
  "11": [
    1381.3441162109375,
    694.821533203125,
    0.8489353656768799
  ],
  "12": [
    1453.4932861328125,
    470.580078125,
    0.5263645648956299
  ],
  "13": [
    1482.834228515625,
    569.4722900390625,
    0.731090784072876
  ],
  "14": [
    1464.1629638671875,
    670.9175415039062,
    0.8659505248069763
  ],
  "15": [
    0.0,
    0.0,
    0.0
  ],
  "16": [
    0.0,
    0.0,
    0.0
  ],
  "17": [
    1472.2000732421875,
    272.90576171875,
    0.5579261183738708
  ],
  "18": [
    1445.392578125,
    267.5002746582031,
    0.12164054065942764
  ],
  "19": [
    1509.5667724609375,
    692.1202392578125,
    0.8275867104530334
  ],
  "20": [
    1506.7884521484375,
    684.208251953125,
    0.7424793839454651
  ],
  "21": [
    1448.1727294921875,
    678.9692993164062,
    0.7781808376312256
  ],
  "22": [
    1440.0245361328125,
    716.4013671875,
    0.8136119246482849
  ],
  "23": [
    1421.4190673828125,
    721.6483154296875,
    0.7983911037445068
  ],
  "24": [
    1365.304443359375,
    697.69921875,
    0.8032101392745972
  ]
}