{
  "0": [
    0.00000000e+00,
    0.00000000e+00,
    0.00000000e+00
  ],
  "1": [
    1.13916199e+03,
    8.75009155e+02,
    9.34750915e-01
  ],
  "2": [
    1.17631116e+03,
    8.75165039e+02,
    8.79843533e-01
  ],
  "3": [
    1.24211255e+03,
    9.03707397e+02,
    7.99494028e-01
  ],
  "4": [
    1.29980798e+03,
    8.99718933e+02,
    8.84084105e-01
  ],
  "5": [
    1.10205103e+03,
    8.74926392e+02,
    9.27584350e-01
  ],
  "6": [
    1.07717529e+03,
    9.41210205e+02,
    2.72207946e-01
  ],
  "7": [
    0.00000000e+00,
    0.00000000e+00,
    0.00000000e+00
  ],
  "8": [
    1.10177771e+03,
    1.00707794e+03,
    9.05018032e-01
  ],
  "9": [
    1.13087158e+03,
    1.01122668e+03,
    8.22128654e-01
  ],
  "10": [
    1.20109460e+03,
    1.07719873e+03,
    9.09481287e-01
  ],
  "11": [
    1.16368579e+03,
    1.19266101e+03,
    8.58782411e-01
  ],
  "12": [
    1.06889282e+03,
    1.00689465e+03,
    8.92187893e-01
  ],
  "13": [
    1.02350470e+03,
    1.08962415e+03,
    8.02303016e-01
  ],
  "14": [
    9.57560364e+02,
    1.17225293e+03,
    8.48505080e-01
  ],
  "15": [
    0.00000000e+00,
    0.00000000e+00,
    0.00000000e+00
  ],
  "16": [
    0.00000000e+00,
    0.00000000e+00,
    0.00000000e+00
  ],
  "17": [
    1.18041553e+03,
    8.37689087e+02,
    7.32242763e-01
  ],
  "18": [
    1.13891394e+03,
    8.21431091e+02,
    5.98344505e-01
  ],
  "19": [
    9.73967224e+02,
    1.20101477e+03,
    7.13356972e-01
  ],
  "20": [
    9.65737000e+02,
    1.20081897e+03,
    6.25639796e-01
  ],
  "21": [
    9.41267700e+02,
    1.18437341e+03,
    7.75767744e-01
  ],
  "22": [
    1.20086975e+03,
    1.20078125e+03,
    8.35009038e-01
  ],
  "23": [
    1.19686426e+03,
    1.20108130e+03,
    9.35348332e-01
  ],
  "24": [
    1.13923401e+03,
    1.20098230e+03,
    9.47333753e-01
  ]
}