{"0": [1050.7832336425781, 413.2804298400879, 0.999975323677063], "1": [1041.60400390625, 395.22525787353516, 0.9999606609344482], "2": [1042.57080078125, 395.87199211120605, 0.9999558925628662], "3": [1042.9147338867188, 396.5732717514038, 0.999954342842102], "4": [1031.5865325927734, 396.3442325592041, 0.9999552965164185], "5": [1025.757827758789, 397.94368743896484, 0.9999463558197021], "6": [1018.5050201416016, 400.0901412963867, 0.999937891960144], "7": [1024.2111206054688, 415.28170108795166, 0.999908447265625], "8": [989.6083068847656, 421.8480062484741, 0.9999188184738159], "9": [1055.7866668701172, 439.6515226364136, 0.9999686479568481], "10": [1041.7216491699219, 441.3613557815552, 0.9999681711196899], "11": [1098.7843322753906, 530.0032138824463, 0.9999825954437256], "12": [924.0977478027344, 548.9095687866211, 0.9999275207519531], "13": [1161.1680603027344, 629.9567413330078, 0.9622799158096313], "14": [861.5261840820312, 688.7638092041016, 0.9945108890533447], "15": [1180.01220703125, 685.1683616638184, 0.9905539155006409], "16": [790.9194946289062, 792.8587532043457, 0.9934507608413696], "17": [1185.4330444335938, 713.3752012252808, 0.9839941263198853], "18": [760.6427764892578, 832.3549461364746, 0.9863254427909851], "19": [1167.2061920166016, 708.4129428863525, 0.9855107069015503], "20": [767.7261352539062, 834.6562385559082, 0.987405002117157], "21": [1161.0790252685547, 700.4336500167847, 0.9802789688110352], "22": [780.9300994873047, 822.0874500274658, 0.9832226634025574], "23": [1093.4992980957031, 829.2252159118652, 0.9999332427978516], "24": [989.5242309570312, 828.4710216522217, 0.9998904466629028], "25": [1148.0342864990234, 1017.8487968444824, 0.9925414323806763], "26": [960.1389312744141, 1037.9683685302734, 0.99544757604599], "27": [1133.7556457519531, 1219.2676734924316, 0.9923068881034851], "28": [924.8400115966797, 1235.9643173217773, 0.9962236881256104], "29": [1112.7874755859375, 1249.5405006408691, 0.962983250617981], "30": [929.7564697265625, 1260.5983257293701, 0.9069331288337708], "31": [1194.4723510742188, 1288.4504699707031, 0.9886869192123413], "32": [909.1360473632812, 1312.8880977630615, 0.9929956793785095]}