{"0": [1053.6109161376953, 417.914514541626, 0.9999760985374451], "1": [1045.0691223144531, 401.6646194458008, 0.9999628067016602], "2": [1046.232681274414, 402.81569480895996, 0.9999568462371826], "3": [1046.8879699707031, 404.0029048919678, 0.9999558329582214], "4": [1034.5626068115234, 401.43489360809326, 0.9999585151672363], "5": [1028.4571838378906, 402.8671073913574, 0.9999502897262573], "6": [1021.3288116455078, 404.6635437011719, 0.9999424815177917], "7": [1030.4698944091797, 422.135066986084, 0.9999138116836548], "8": [994.0964508056641, 424.5136499404907, 0.9999255537986755], "9": [1057.243881225586, 444.73355770111084, 0.9999678730964661], "10": [1043.2691955566406, 445.59083461761475, 0.9999673962593079], "11": [1097.1829986572266, 558.7340068817139, 0.9999541640281677], "12": [929.0570831298828, 544.2038583755493, 0.9999203681945801], "13": [1147.9103088378906, 641.0898399353027, 0.9458268880844116], "14": [861.8923187255859, 502.7461338043213, 0.9949093461036682], "15": [1191.4947509765625, 687.6800680160522, 0.985611081123352], "16": [800.79833984375, 433.0849599838257, 0.9939839839935303], "17": [1208.2215881347656, 706.7161560058594, 0.9737539291381836], "18": [761.9692993164062, 413.99638652801514, 0.9872372150421143], "19": [1200.997085571289, 700.0634622573853, 0.976722240447998], "20": [767.6070404052734, 405.74904441833496, 0.9881799221038818], "21": [1192.0303344726562, 696.3234758377075, 0.9719027280807495], "22": [781.2993621826172, 413.8578987121582, 0.9841887950897217], "23": [1093.49365234375, 850.1710796356201, 0.9999318718910217], "24": [989.5586395263672, 853.2864761352539, 0.9998937249183655], "25": [1145.9979248046875, 1045.7360458374023, 0.9914372563362122], "26": [959.9379730224609, 1075.696792602539, 0.9949400424957275], "27": [1133.556900024414, 1255.4573249816895, 0.9917396903038025], "28": [917.7460479736328, 1277.9555225372314, 0.9958651065826416], "29": [1113.6263275146484, 1293.207721710205, 0.9634848833084106], "30": [916.4256286621094, 1305.5184173583984, 0.9050958752632141], "31": [1203.3404541015625, 1326.9823551177979, 0.98826664686203], "32": [904.8992919921875, 1350.2199840545654, 0.9926236867904663]}