{"0": [1028.1465911865234, 441.49138927459717, 0.9999731779098511], "1": [1027.242202758789, 422.1602153778076, 0.9999595880508423], "2": [1030.0018310546875, 422.9057836532593, 0.9999517798423767], "3": [1032.6646423339844, 423.55629444122314, 0.9999512434005737], "4": [1012.4439239501953, 420.5594730377197, 0.9999569058418274], "5": [1004.8874664306641, 420.5981397628784, 0.9999477863311768], "6": [996.5548706054688, 420.8794927597046, 0.9999411702156067], "7": [1026.5858459472656, 433.0047082901001, 0.9999097585678101], "8": [971.3514709472656, 434.85358715057373, 0.9999250769615173], "9": [1032.7376556396484, 462.3130989074707, 0.9999661445617676], "10": [1013.0744934082031, 462.8875207901001, 0.999967098236084], "11": [1085.9681701660156, 553.8327741622925, 0.9999473690986633], "12": [891.5678405761719, 551.0764503479004, 0.9999181032180786], "13": [1136.4852142333984, 682.6781988143921, 0.9500147700309753], "14": [855.1775360107422, 649.3858051300049, 0.9935284852981567], "15": [1052.3715209960938, 695.4283475875854, 0.9851238131523132], "16": [897.6045989990234, 538.1095361709595, 0.9895164370536804], "17": [1026.3380432128906, 721.5056419372559, 0.9715001583099365], "18": [920.201416015625, 461.6812562942505, 0.9791862368583679], "19": [1008.0130767822266, 711.2408924102783, 0.9741785526275635], "20": [930.7245635986328, 586.4097690582275, 0.9797120690345764], "21": [1012.2158050537109, 705.2511119842529, 0.9669396877288818], "22": [926.9798278808594, 581.8867492675781, 0.9719117879867554], "23": [1065.9962463378906, 849.7353172302246, 0.9998868703842163], "24": [954.2332458496094, 854.3780708312988, 0.9998618960380554], "25": [1126.8785095214844, 1046.8789672851562, 0.9914708733558655], "26": [930.1129150390625, 1076.7230701446533, 0.9947054982185364], "27": [1128.1624603271484, 1261.1727905273438, 0.991470992565155], "28": [912.8104400634766, 1283.7181091308594, 0.9954603910446167], "29": [1109.4876861572266, 1297.3887920379639, 0.9615519046783447], "30": [917.1773529052734, 1311.7199420928955, 0.9026170969009399], "31": [1193.6399841308594, 1338.501091003418, 0.9876777529716492], "32": [893.9006805419922, 1354.3127346038818, 0.9913829565048218]}