{"0": [0.4016197621822357, 0.3065912425518036, 0.9999731779098511], "1": [0.401266485452652, 0.2931668162345886, 0.9999595880508423], "2": [0.4023444652557373, 0.29368457198143005, 0.9999517798423767], "3": [0.40338462591171265, 0.29413631558418274, 0.9999512434005737], "4": [0.39548590779304504, 0.2920551896095276, 0.9999569058418274], "5": [0.39253416657447815, 0.2920820415019989, 0.9999477863311768], "6": [0.38927924633026123, 0.29227742552757263, 0.9999411702156067], "7": [0.40101009607315063, 0.3006977140903473, 0.9999097585678101], "8": [0.37943416833877563, 0.301981657743454, 0.9999250769615173], "9": [0.40341314673423767, 0.321050763130188, 0.9999661445617676], "10": [0.39573222398757935, 0.3214496672153473, 0.999967098236084], "11": [0.42420631647109985, 0.38460609316825867, 0.9999473690986633], "12": [0.34826868772506714, 0.38269197940826416, 0.9999181032180786], "13": [0.44393953680992126, 0.4740820825099945, 0.9500147700309753], "14": [0.33405372500419617, 0.4509623646736145, 0.9935284852981567], "15": [0.4110826253890991, 0.4829363524913788, 0.9851238131523132], "16": [0.35062679648399353, 0.37368717789649963, 0.9895164370536804], "17": [0.4009132981300354, 0.5010455846786499, 0.9715001583099365], "18": [0.3594536781311035, 0.32061198353767395, 0.9791862368583679], "19": [0.39375510811805725, 0.4939172863960266, 0.9741785526275635], "20": [0.36356428265571594, 0.4072290062904358, 0.9797120690345764], "21": [0.39539679884910583, 0.4897577166557312, 0.9669396877288818], "22": [0.3621014952659607, 0.40408802032470703, 0.9719117879867554], "23": [0.4164047837257385, 0.5900939702987671, 0.9998868703842163], "24": [0.37274736166000366, 0.5933181047439575, 0.9998618960380554], "25": [0.44018691778182983, 0.7269992828369141, 0.9914708733558655], "26": [0.3633253574371338, 0.7477243542671204, 0.9947054982185364], "27": [0.44068846106529236, 0.8758144378662109, 0.991470992565155], "28": [0.35656657814979553, 0.8914709091186523, 0.9954603910446167], "29": [0.4333936274051666, 0.9009644389152527, 0.9615519046783447], "30": [0.35827240347862244, 0.9109166264533997, 0.9026170969009399], "31": [0.46626561880111694, 0.9295146465301514, 0.9876777529716492], "32": [0.3491799533367157, 0.940494954586029, 0.9913829565048218]}