{"0": [0.41156676411628723, 0.29021841287612915, 0.9999760985374451], "1": [0.40823012590408325, 0.2789337635040283, 0.9999628067016602], "2": [0.408684641122818, 0.2797331213951111, 0.9999568462371826], "3": [0.4089406132698059, 0.2805575728416443, 0.9999558329582214], "4": [0.40412601828575134, 0.278774231672287, 0.9999585151672363], "5": [0.401741087436676, 0.27976882457733154, 0.9999502897262573], "6": [0.3989565670490265, 0.28101634979248047, 0.9999424815177917], "7": [0.4025273025035858, 0.29314935207366943, 0.9999138116836548], "8": [0.3883189260959625, 0.29480114579200745, 0.9999255537986755], "9": [0.4129858911037445, 0.3088427484035492, 0.9999678730964661], "10": [0.40752702951431274, 0.3094380795955658, 0.9999673962593079], "11": [0.4285871088504791, 0.3880097270011902, 0.9999541640281677], "12": [0.3629129230976105, 0.37791934609413147, 0.9999203681945801], "13": [0.448402464389801, 0.4452012777328491, 0.9458268880844116], "14": [0.336676687002182, 0.34912925958633423, 0.9949093461036682], "15": [0.4654276371002197, 0.47755560278892517, 0.985611081123352], "16": [0.31281185150146484, 0.3007534444332123, 0.9939839839935303], "17": [0.4719615578651428, 0.49077510833740234, 0.9737539291381836], "18": [0.2976442575454712, 0.28749749064445496, 0.9872372150421143], "19": [0.4691394865512848, 0.4861551821231842, 0.976722240447998], "20": [0.29984650015830994, 0.28177016973495483, 0.9881799221038818], "21": [0.46563684940338135, 0.48355796933174133, 0.9719027280807495], "22": [0.30519506335258484, 0.28740131855010986, 0.9841887950897217], "23": [0.42714595794677734, 0.5903965830802917, 0.9999318718910217], "24": [0.3865463435649872, 0.5925600528717041, 0.9998937249183655], "25": [0.44765543937683105, 0.726205587387085, 0.9914372563362122], "26": [0.3749757707118988, 0.747011661529541, 0.9949400424957275], "27": [0.44279566407203674, 0.8718453645706177, 0.9917396903038025], "28": [0.3584945499897003, 0.8874691128730774, 0.9958651065826416], "29": [0.43501028418540955, 0.8980609178543091, 0.9634848833084106], "30": [0.3579787611961365, 0.9066100120544434, 0.9050958752632141], "31": [0.47005486488342285, 0.9215155243873596, 0.98826664686203], "32": [0.35347628593444824, 0.9376527667045593, 0.9926236867904663]}