{"0": [771.1099433898926, 331.1185419559479, 0.9999731779098511], "1": [770.4316520690918, 316.6201615333557, 0.9999595880508423], "2": [772.5013732910156, 317.17933773994446, 0.9999517798423767], "3": [774.4984817504883, 317.66722083091736, 0.9999512434005737], "4": [759.3329429626465, 315.4196047782898, 0.9999569058418274], "5": [753.665599822998, 315.4486048221588, 0.9999477863311768], "6": [747.4161529541016, 315.65961956977844, 0.9999411702156067], "7": [769.9393844604492, 324.7535312175751, 0.9999097585678101], "8": [728.5136032104492, 326.1401903629303, 0.9999250769615173], "9": [774.5532417297363, 346.734824180603, 0.9999661445617676], "10": [759.8058700561523, 347.1656405925751, 0.999967098236084], "11": [814.4761276245117, 415.37458062171936, 0.9999473690986633], "12": [668.6758804321289, 413.3073377609253, 0.9999181032180786], "13": [852.3639106750488, 512.0086491107941, 0.9500147700309753], "14": [641.3831520080566, 487.03935384750366, 0.9935284852981567], "15": [789.2786407470703, 521.5712606906891, 0.9851238131523132], "16": [673.2034492492676, 403.5821521282196, 0.9895164370536804], "17": [769.753532409668, 541.1292314529419, 0.9715001583099365], "18": [690.1510620117188, 346.26094222068787, 0.9791862368583679], "19": [756.0098075866699, 533.4306693077087, 0.9741785526275635], "20": [698.0434226989746, 439.80732679367065, 0.9797120690345764], "21": [759.1618537902832, 528.9383339881897, 0.9669396877288818], "22": [695.2348709106445, 436.4150619506836, 0.9719117879867554], "23": [799.497184753418, 637.3014879226685, 0.9998868703842163], "24": [715.674934387207, 640.7835531234741, 0.9998618960380554], "25": [845.1588821411133, 785.1592254638672, 0.9914708733558655], "26": [697.5846862792969, 807.54230260849, 0.9947054982185364], "27": [846.1218452453613, 945.8795928955078, 0.991470992565155], "28": [684.6078300476074, 962.7885818481445, 0.9954603910446167], "29": [832.1157646179199, 973.0415940284729, 0.9615519046783447], "30": [687.8830146789551, 983.7899565696716, 0.9026170969009399], "31": [895.2299880981445, 1003.8758182525635, 0.9876777529716492], "32": [670.4255104064941, 1015.7345509529114, 0.9913829565048218]}