{"0": [790.2081871032715, 313.4358859062195, 0.9999760985374451], "1": [783.8018417358398, 301.2484645843506, 0.9999628067016602], "2": [784.6745109558105, 302.11177110671997, 0.9999568462371826], "3": [785.1659774780273, 303.00217866897583, 0.9999558329582214], "4": [775.9219551086426, 301.07617020606995, 0.9999585151672363], "5": [771.342887878418, 302.15033054351807, 0.9999502897262573], "6": [765.9966087341309, 303.4976577758789, 0.9999424815177917], "7": [772.8524208068848, 316.601300239563, 0.9999138116836548], "8": [745.572338104248, 318.38523745536804, 0.9999255537986755], "9": [792.9329109191895, 333.55016827583313, 0.9999678730964661], "10": [782.4518966674805, 334.19312596321106, 0.9999673962593079], "11": [822.8872489929199, 419.0505051612854, 0.9999541640281677], "12": [696.7928123474121, 408.152893781662, 0.9999203681945801], "13": [860.932731628418, 480.81737995147705, 0.9458268880844116], "14": [646.4192390441895, 377.05960035324097, 0.9949093461036682], "15": [893.6210632324219, 515.7600510120392, 0.985611081123352], "16": [600.5987548828125, 324.81371998786926, 0.9939839839935303], "17": [906.1661911010742, 530.0371170043945, 0.9737539291381836], "18": [571.4769744873047, 310.49728989601135, 0.9872372150421143], "19": [900.7478141784668, 525.0475966930389, 0.976722240447998], "20": [575.7052803039551, 304.3117833137512, 0.9881799221038818], "21": [894.0227508544922, 522.2426068782806, 0.9719027280807495], "22": [585.9745216369629, 310.39342403411865, 0.9841887950897217], "23": [820.1202392578125, 637.6283097267151, 0.9999318718910217], "24": [742.1689796447754, 639.9648571014404, 0.9998937249183655], "25": [859.4984436035156, 784.3020343780518, 0.9914372563362122], "26": [719.9534797668457, 806.7725944519043, 0.9949400424957275], "27": [850.1676750183105, 941.5929937362671, 0.9917396903038025], "28": [688.3095359802246, 958.4666419029236, 0.9958651065826416], "29": [835.2197456359863, 969.9057912826538, 0.9634848833084106], "30": [687.319221496582, 979.1388130187988, 0.9050958752632141], "31": [902.5053405761719, 995.2367663383484, 0.98826664686203], "32": [678.6744689941406, 1012.6649880409241, 0.9926236867904663]}