{"0": [0.4104622006416321, 0.28700029850006104, 0.999975323677063], "1": [0.4068765640258789, 0.2744619846343994, 0.9999606609344482], "2": [0.4072542190551758, 0.274911105632782, 0.9999558925628662], "3": [0.4073885679244995, 0.2753981053829193, 0.999954342842102], "4": [0.4029634892940521, 0.2752390503883362, 0.9999552965164185], "5": [0.400686651468277, 0.2763497829437256, 0.9999463558197021], "6": [0.3978535234928131, 0.27784037590026855, 0.999937891960144], "7": [0.40008246898651123, 0.28839007019996643, 0.999908447265625], "8": [0.3865657448768616, 0.29295000433921814, 0.9999188184738159], "9": [0.4124166667461395, 0.3053135573863983, 0.9999686479568481], "10": [0.40692251920700073, 0.30650094151496887, 0.9999681711196899], "11": [0.42921262979507446, 0.3680577874183655, 0.9999825954437256], "12": [0.3609756827354431, 0.38118720054626465, 0.9999275207519531], "13": [0.4535812735557556, 0.4374699592590332, 0.9622799158096313], "14": [0.33653366565704346, 0.47830820083618164, 0.9945108890533447], "15": [0.46094226837158203, 0.4758113622665405, 0.9905539155006409], "16": [0.3089529275894165, 0.5505963563919067, 0.9934507608413696], "17": [0.46305978298187256, 0.49539944529533386, 0.9839941263198853], "18": [0.29712608456611633, 0.5780242681503296, 0.9863254427909851], "19": [0.455939918756485, 0.49195343255996704, 0.9855107069015503], "20": [0.29989302158355713, 0.5796223878860474, 0.987405002117157], "21": [0.4535464942455292, 0.48641225695610046, 0.9802789688110352], "22": [0.3050508201122284, 0.5708940625190735, 0.9832226634025574], "23": [0.42714816331863403, 0.5758508443832397, 0.9999332427978516], "24": [0.38653290271759033, 0.5753270983695984, 0.9998904466629028], "25": [0.44845089316368103, 0.7068394422531128, 0.9925414323806763], "26": [0.375054270029068, 0.7208113670349121, 0.99544757604599], "27": [0.4428732991218567, 0.846713662147522, 0.9923068881034851], "28": [0.361265629529953, 0.8583085536956787, 0.9962236881256104], "29": [0.43468260765075684, 0.8677364587783813, 0.962983250617981], "30": [0.3631861209869385, 0.8754155039787292, 0.9069331288337708], "31": [0.4665907621383667, 0.8947572708129883, 0.9886869192123413], "32": [0.35513126850128174, 0.9117278456687927, 0.9929956793785095]}