{"0": [788.0874252319336, 309.9603223800659, 0.999975323677063], "1": [781.2030029296875, 296.41894340515137, 0.9999606609344482], "2": [781.9281005859375, 296.90399408340454, 0.9999558925628662], "3": [782.1860504150391, 297.42995381355286, 0.999954342842102], "4": [773.6898994445801, 297.2581744194031, 0.9999552965164185], "5": [769.3183708190918, 298.45776557922363, 0.9999463558197021], "6": [763.8787651062012, 300.06760597229004, 0.999937891960144], "7": [768.1583404541016, 311.46127581596375, 0.999908447265625], "8": [742.2062301635742, 316.3860046863556, 0.9999188184738159], "9": [791.8400001525879, 329.7386419773102, 0.9999686479568481], "10": [781.2912368774414, 331.0210168361664, 0.9999681711196899], "11": [824.088249206543, 397.5024104118347, 0.9999825954437256], "12": [693.0733108520508, 411.6821765899658, 0.9999275207519531], "13": [870.8760452270508, 472.46755599975586, 0.9622799158096313], "14": [646.1446380615234, 516.5728569030762, 0.9945108890533447], "15": [885.0091552734375, 513.8762712478638, 0.9905539155006409], "16": [593.1896209716797, 594.6440649032593, 0.9934507608413696], "17": [889.0747833251953, 535.0314009189606, 0.9839941263198853], "18": [570.4820823669434, 624.266209602356, 0.9863254427909851], "19": [875.4046440124512, 531.3097071647644, 0.9855107069015503], "20": [575.7946014404297, 625.9921789169312, 0.987405002117157], "21": [870.809268951416, 525.3252375125885, 0.9802789688110352], "22": [585.6975746154785, 616.5655875205994, 0.9832226634025574], "23": [820.1244735717773, 621.9189119338989, 0.9999332427978516], "24": [742.1431732177734, 621.3532662391663, 0.9998904466629028], "25": [861.0257148742676, 763.3865976333618, 0.9925414323806763], "26": [720.1041984558105, 778.4762763977051, 0.99544757604599], "27": [850.3167343139648, 914.4507551193237, 0.9923068881034851], "28": [693.6300086975098, 926.973237991333, 0.9962236881256104], "29": [834.5906066894531, 937.1553754806519, 0.962983250617981], "30": [697.3173522949219, 945.4487442970276, 0.9069331288337708], "31": [895.8542633056641, 966.3378524780273, 0.9886869192123413], "32": [681.8520355224609, 984.6660733222961, 0.9929956793785095]}